2025-10-08T05:35:34.257073,40.37322500000001,85.0,0.3
2025-10-08T05:35:35.339347,40.38605000000001,85.0,0.3
2025-10-08T05:35:36.419132,40.39887500000001,85.0,0.3
2025-10-08T05:35:37.510786,40.41170000000001,85.0,0.3
2025-10-08T05:35:38.598052,40.42452500000001,85.0,0.3
2025-10-08T05:35:39.677817,40.43735000000001,85.0,0.3
2025-10-08T05:35:40.754556,40.45017500000001,85.0,0.3
2025-10-08T05:35:41.836083,40.462206886655984,85.0,0.3
2025-10-08T05:35:42.922985,40.470449278916405,85.0,0.3
2025-10-08T05:35:44.006364,40.47911540520326,85.0,0.3
2025-10-08T05:35:45.090135,40.49202891482879,85.0,0.3
2025-10-08T05:35:46.169538,40.50910843245146,85.0,0.3
2025-10-08T05:35:47.249742,40.52644237418971,85.0,0.3
2025-10-08T05:35:48.330366,40.53988523980344,85.0,0.3
2025-10-08T05:35:49.412793,40.53988523980344,85.0,0.3
2025-10-08T05:35:50.498509,40.54886896649682,85.0,0.3
2025-10-08T05:35:51.587651,40.55692520323302,85.0,0.3
2025-10-08T05:35:52.677473,40.568438328964504,85.0,0.3
2025-10-08T05:35:53.762433,40.58461447484372,85.0,0.3
2025-10-08T05:35:54.843104,40.60237261280392,85.0,0.3
2025-10-08T05:35:55.927524,40.61717723855483,85.0,0.3
2025-10-08T05:35:57.009768,40.627208293310574,85.0,0.3
2025-10-08T05:35:58.092527,40.63503451744378,85.0,0.3
2025-10-08T05:35:59.174756,40.64525176243334,85.0,0.3
2025-10-08T05:36:00.257783,40.66025758620958,85.0,0.3
2025-10-08T05:36:01.338927,40.67804694945001,85.0,0.3
2025-10-08T05:36:02.416692,40.694055639485704,85.0,0.3
2025-10-08T05:36:03.497430,40.70535658638019,85.0,0.3
2025-10-08T05:36:04.581483,40.71335099753015,85.0,0.3
2025-10-08T05:36:05.667155,40.7224800940469,85.0,0.3
2025-10-08T05:36:06.759004,40.736141872548416,85.0,0.3
2025-10-08T05:36:07.836944,40.7535670027394,85.0,0.3
2025-10-08T05:36:08.923945,40.77052614613685,85.0,0.3
2025-10-08T05:36:10.008638,40.783218390366734,85.0,0.3
2025-10-08T05:36:11.091530,40.79176579047186,85.0,0.3
2025-10-08T05:36:12.171865,40.80010115206841,85.0,0.3
2025-10-08T05:36:13.251616,40.81235222799949,85.0,0.3
2025-10-08T05:36:14.331850,40.82904668140728,85.0,0.3
2025-10-08T05:36:15.414384,40.84662695467355,85.0,0.3
2025-10-08T05:36:16.500267,40.86072107148736,85.0,0.3
2025-10-08T05:36:17.582171,40.870162211702926,85.0,0.3
2025-10-08T05:36:18.665984,40.87806148040058,85.0,0.3
2025-10-08T05:36:19.745360,40.888947572223536,85.0,0.3
2025-10-08T05:36:20.823518,40.90460311040803,85.0,0.3
2025-10-08T05:36:21.906942,40.92242571120094,85.0,0.3
2025-10-08T05:36:22.994914,40.93782060348087,85.0,0.3
2025-10-08T05:36:24.081439,40.94842504013734,85.0,0.3
2025-10-08T05:36:25.169567,40.95628059686772,85.0,0.3
2025-10-08T05:36:26.256347,40.96595615689635,85.0,0.3
2025-10-08T05:36:27.343705,40.98034730080851,85.0,0.3
2025-10-08T05:36:28.429485,40.99801412311401,85.0,0.3
2025-10-08T05:36:29.512167,40.99801412311401,85.0,0.3
2025-10-08T05:36:30.597326,41.01450507471438,85.0,0.3
2025-10-08T05:36:31.684053,41.02644969661464,85.0,0.3
2025-10-08T05:36:32.768180,41.03465740437962,85.0,0.3
2025-10-08T05:36:33.859241,41.04337331519647,85.0,0.3
2025-10-08T05:36:34.951380,41.05637530671014,85.0,0.3
2025-10-08T05:36:36.034124,41.0735006537392,85.0,0.3
2025-10-08T05:36:37.117436,41.090795637057205,85.0,0.3
2025-10-08T05:36:38.206192,41.10415057461597,85.0,0.3
2025-10-08T05:36:39.290701,41.11307824426789,85.0,0.3
2025-10-08T05:36:40.373490,41.12116183356154,85.0,0.3
2025-10-08T05:36:41.460376,41.1327605736342,85.0,0.3
2025-10-08T05:36:42.544712,41.14900188220789,85.0,0.3
2025-10-08T05:36:43.625101,41.16674482093507,85.0,0.3
2025-10-08T05:36:44.705451,41.18146785963021,85.0,0.3
2025-10-08T05:36:45.784778,41.19142595027026,85.0,0.3
2025-10-08T05:36:46.865736,41.19925491609933,85.0,0.3
2025-10-08T05:36:47.946579,41.20954808789378,85.0,0.3
2025-10-08T05:36:49.026982,41.22463321682967,85.0,0.3
2025-10-08T05:36:50.106691,41.24243235078647,85.0,0.3
2025-10-08T05:36:51.188484,41.25837229394369,85.0,0.3
2025-10-08T05:36:52.271477,41.26958918192788,85.0,0.3
2025-10-08T05:36:53.352759,41.27756150551019,85.0,0.3
2025-10-08T05:36:54.433879,41.28675079300979,85.0,0.3
2025-10-08T05:36:55.511092,41.30049970173259,85.0,0.3
2025-10-08T05:36:56.593617,41.31795879425968,85.0,0.3
2025-10-08T05:36:57.676630,41.33486750729286,85.0,0.3
2025-10-08T05:36:58.758049,41.34747129390244,85.0,0.3
2025-10-08T05:36:59.840040,41.355973536659384,85.0,0.3
2025-10-08T05:37:00.917970,41.36434855863755,85.0,0.3
2025-10-08T05:37:02.003789,41.376687649108085,85.0,0.3
2025-10-08T05:37:03.094219,41.39343755105149,85.0,0.3
2025-10-08T05:37:04.174527,41.41098972772161,85.0,0.3
2025-10-08T05:37:05.259273,41.42499803468844,85.0,0.3
2025-10-08T05:37:06.343299,41.43437454498377,85.0,0.3
2025-10-08T05:37:07.427777,41.442289784138545,85.0,0.3
2025-10-08T05:37:08.511089,41.442289784138545,85.0,0.3
2025-10-08T05:37:09.592369,41.45325776363136,85.0,0.3
2025-10-08T05:37:10.675405,41.46898581955242,85.0,0.3
2025-10-08T05:37:11.761404,41.48680489567604,85.0,0.3
2025-10-08T05:37:12.849855,41.50212346144552,85.0,0.3
2025-10-08T05:37:13.935426,41.51264894399208,85.0,0.3
2025-10-08T05:37:15.017770,41.52049550905764,85.0,0.3
2025-10-08T05:37:16.096154,41.5302403067617,85.0,0.3
2025-10-08T05:37:17.175244,41.544715260890065,85.0,0.3
2025-10-08T05:37:18.258678,41.56240341122628,85.0,0.3
2025-10-08T05:37:19.350317,41.57883359977879,85.0,0.3
2025-10-08T05:37:20.435253,41.5906912328186,85.0,0.3
2025-10-08T05:37:21.518014,41.59886570306767,85.0,0.3
2025-10-08T05:37:22.597934,41.60763268613199,85.0,0.3
2025-10-08T05:37:23.683699,41.62072310406772,85.0,0.3
2025-10-08T05:37:24.768524,41.63789293284879,85.0,0.3
2025-10-08T05:37:25.858014,41.65514755693109,85.0,0.3
2025-10-08T05:37:26.947689,41.66841440036161,85.0,0.3
2025-10-08T05:37:28.028609,41.677287234328,85.0,0.3
2025-10-08T05:37:29.105859,41.68539966205521,85.0,0.3
2025-10-08T05:37:30.185285,41.69708440075771,85.0,0.3
2025-10-08T05:37:31.268635,41.71338980141383,85.0,0.3
2025-10-08T05:37:32.362955,41.73111599971104,85.0,0.3
2025-10-08T05:37:33.453965,41.7457568565379,85.0,0.3
2025-10-08T05:37:34.534927,41.75564288150206,85.0,0.3
2025-10-08T05:37:35.615529,41.76347615469769,85.0,0.3
2025-10-08T05:37:36.694023,41.7738460467282,85.0,0.3
2025-10-08T05:37:37.773045,41.78900977253843,85.0,0.3
2025-10-08T05:37:38.848718,41.80681711840404,85.0,0.3
2025-10-08T05:37:39.930001,41.822687338513454,85.0,0.3
2025-10-08T05:37:41.009526,41.83382067154183,85.0,0.3
2025-10-08T05:37:42.091968,41.84177242830136,85.0,0.3
2025-10-08T05:37:43.172608,41.851023046153216,85.0,0.3
2025-10-08T05:37:44.255545,41.864858795560295,85.0,0.3
2025-10-08T05:37:45.340553,41.864858795560295,85.0,0.3
2025-10-08T05:37:46.422810,41.88235039817904,85.0,0.3
2025-10-08T05:37:47.511430,41.89920740108292,85.0,0.3
2025-10-08T05:37:48.597988,41.91172279939664,85.0,0.3
2025-10-08T05:37:49.679189,41.920181239482766,85.0,0.3
2025-10-08T05:37:50.758395,41.92859731638869,85.0,0.3
2025-10-08T05:37:51.839270,41.94102457367432,85.0,0.3
2025-10-08T05:37:52.920824,41.95782869415696,85.0,0.3
2025-10-08T05:37:54.000890,41.975351292815525,85.0,0.3
2025-10-08T05:37:55.083991,41.98927341910742,85.0,0.3
2025-10-08T05:37:56.168978,41.99858638017953,85.0,0.3
2025-10-08T05:37:57.249744,42.006519128425566,85.0,0.3
2025-10-08T05:37:58.338681,42.01756957754634,85.0,0.3
2025-10-08T05:37:59.424209,42.03336924143645,85.0,0.3
2025-10-08T05:38:00.504218,42.051183227833704,85.0,0.3
2025-10-08T05:38:01.580956,42.06642468565234,85.0,0.3
2025-10-08T05:38:02.661118,42.076871934717985,85.0,0.3
2025-10-08T05:38:03.739919,42.08471106827412,85.0,0.3
2025-10-08T05:38:04.819181,42.09452606893573,85.0,0.3
2025-10-08T05:38:05.904243,42.10908431621321,85.0,0.3
2025-10-08T05:38:06.988934,42.12679227055293,85.0,0.3
2025-10-08T05:38:08.074164,42.14316056625385,85.0,0.3
2025-10-08T05:38:09.158948,42.15493151358928,85.0,0.3
2025-10-08T05:38:10.242295,42.16307420371803,85.0,0.3
2025-10-08T05:38:11.321987,42.17189353074214,85.0,0.3
2025-10-08T05:38:12.406989,42.18507229192254,85.0,0.3
2025-10-08T05:38:13.489604,42.20228524086142,85.0,0.3
2025-10-08T05:38:14.570419,42.21949811754044,85.0,0.3
2025-10-08T05:38:15.647709,42.23267672837663,85.0,0.3
2025-10-08T05:38:16.726648,42.24149596519796,85.0,0.3
2025-10-08T05:38:17.807908,42.249638708197374,85.0,0.3
2025-10-08T05:38:18.889684,42.26140980286788,85.0,0.3
2025-10-08T05:38:19.968544,42.27777820490908,85.0,0.3
2025-10-08T05:38:21.046169,42.29548612682554,85.0,0.3
2025-10-08T05:38:22.124452,42.31004423272601,85.0,0.3
2025-10-08T05:38:23.213084,42.31985911303824,85.0,0.3
2025-10-08T05:38:24.302323,42.31985911303824,85.0,0.3
2025-10-08T05:38:25.388010,42.32769825792128,85.0,0.3
2025-10-08T05:38:26.474993,42.33814563957622,85.0,0.3
2025-10-08T05:38:27.566682,42.35338722934456,85.0,0.3
2025-10-08T05:38:28.655398,42.37120122573796,85.0,0.3
2025-10-08T05:38:29.741817,42.38700076848027,85.0,0.3
2025-10-08T05:38:30.825579,42.39805107669201,85.0,0.3
2025-10-08T05:38:31.914950,42.40598379381891,85.0,0.3
2025-10-08T05:38:32.999320,42.41529686217257,85.0,0.3
2025-10-08T05:38:34.083649,42.42921913551254,85.0,0.3
2025-10-08T05:38:35.175102,42.44674178579039,85.0,0.3
2025-10-08T05:38:36.269508,42.463545815004984,85.0,0.3
2025-10-08T05:38:37.352759,42.47597292204667,85.0,0.3
2025-10-08T05:38:38.441565,42.484388927866334,85.0,0.3
2025-10-08T05:38:39.523618,42.49284744138026,85.0,0.3
2025-10-08T05:38:40.603616,42.50536299012667,85.0,0.3
2025-10-08T05:38:41.685743,42.522220082161,85.0,0.3
2025-10-08T05:38:42.765447,42.53971163066184,85.0,0.3
2025-10-08T05:38:43.843237,42.553547232458406,85.0,0.3
2025-10-08T05:38:44.926544,42.56279774491957,85.0,0.3
2025-10-08T05:38:46.003419,42.57074953540394,85.0,0.3
2025-10-08T05:38:47.081901,42.58188301026624,85.0,0.3
2025-10-08T05:38:48.161792,42.59775334991719,85.0,0.3
2025-10-08T05:38:49.242032,42.61556068312602,85.0,0.3
2025-10-08T05:38:50.320438,42.63072427571773,85.0,0.3
2025-10-08T05:38:51.402349,42.64109403644848,85.0,0.3
2025-10-08T05:38:52.481725,42.648927300979494,85.0,0.3
2025-10-08T05:38:53.561551,42.6588134478804,85.0,0.3
2025-10-08T05:38:54.640819,42.67345444513728,85.0,0.3
2025-10-08T05:38:55.720749,42.69118067324707,85.0,0.3
2025-10-08T05:38:56.799442,42.70748596568879,85.0,0.3
2025-10-08T05:38:57.878570,42.719170557641725,85.0,0.3
2025-10-08T05:38:58.958686,42.72728293500508,85.0,0.3
2025-10-08T05:39:00.036266,42.73615586129761,85.0,0.3
2025-10-08T05:39:01.117124,42.74942285486005,85.0,0.3
2025-10-08T05:39:02.198864,42.74942285486005,85.0,0.3
2025-10-08T05:39:03.284271,42.76667754884945,85.0,0.3
2025-10-08T05:39:04.374248,42.78384730304053,85.0,0.3
2025-10-08T05:39:05.461084,42.79693757046688,85.0,0.3
2025-10-08T05:39:06.540809,42.805704465480055,85.0,0.3
2025-10-08T05:39:07.624490,42.81387899109004,85.0,0.3
2025-10-08T05:39:08.707550,42.82573677200425,85.0,0.3
2025-10-08T05:39:09.797932,42.8421670649896,85.0,0.3
2025-10-08T05:39:10.880875,42.85985518030204,85.0,0.3
2025-10-08T05:39:11.972344,42.87432999215071,85.0,0.3
2025-10-08T05:39:13.059324,42.88407467113045,85.0,0.3
2025-10-08T05:39:14.143543,42.89192125018166,85.0,0.3
2025-10-08T05:39:15.224092,42.9024468665655,85.0,0.3
2025-10-08T05:39:16.303457,42.91776556297452,85.0,0.3
2025-10-08T05:39:17.391982,42.935584646430534,85.0,0.3
2025-10-08T05:39:18.482647,42.95131257963549,85.0,0.3
2025-10-08T05:39:19.573201,42.9622804191883,85.0,0.3
2025-10-08T05:39:20.663332,42.9701956298394,85.0,0.3
2025-10-08T05:39:21.751383,42.9795722492735,85.0,0.3
2025-10-08T05:39:22.835965,42.99358070267988,85.0,0.3
2025-10-08T05:39:23.919610,43.01113292845449,85.0,0.3
2025-10-08T05:39:25.001331,43.02788273702087,85.0,0.3
2025-10-08T05:39:26.078211,43.04022167748328,85.0,0.3
2025-10-08T05:39:27.156850,43.048596630739,85.0,0.3
2025-10-08T05:39:28.234620,43.05709894924228,85.0,0.3
2025-10-08T05:39:29.311294,43.069702886426136,85.0,0.3
2025-10-08T05:39:30.388080,43.08661168642425,85.0,0.3
2025-10-08T05:39:31.476490,43.10407072235177,85.0,0.3
2025-10-08T05:39:32.566406,43.11781948294788,85.0,0.3
2025-10-08T05:39:33.651734,43.12700866698067,85.0,0.3
2025-10-08T05:39:34.737292,43.13498102688296,85.0,0.3
2025-10-08T05:39:35.820003,43.1461980575815,85.0,0.3
2025-10-08T05:39:36.903398,43.16213811863652,85.0,0.3
2025-10-08T05:39:37.986150,43.17993723727987,85.0,0.3
2025-10-08T05:39:39.068810,43.19502223177019,85.0,0.3
2025-10-08T05:39:40.154889,43.19502223177019,85.0,0.3
2025-10-08T05:39:41.241670,43.205315273595566,85.0,0.3
2025-10-08T05:39:42.331445,43.21314423342504,85.0,0.3
2025-10-08T05:39:43.423044,43.22310244755097,85.0,0.3
2025-10-08T05:39:44.526536,43.23782562568512,85.0,0.3
2025-10-08T05:39:45.617744,43.25556859160485,85.0,0.3
2025-10-08T05:39:46.705414,43.271809790123925,85.0,0.3
2025-10-08T05:39:47.793551,43.28340838407851,85.0,0.3
2025-10-08T05:39:48.881337,43.29149192553091,85.0,0.3
2025-10-08T05:39:49.969536,43.300419689603416,85.0,0.3
2025-10-08T05:39:51.052899,43.31377477703475,85.0,0.3
2025-10-08T05:39:52.137874,43.33106982788517,85.0,0.3
2025-10-08T05:39:53.222580,43.3481950980175,85.0,0.3
2025-10-08T05:39:54.306457,43.36119693890378,85.0,0.3
2025-10-08T05:39:55.387404,43.36991276384872,85.0,0.3
2025-10-08T05:39:56.475997,43.3781205294475,85.0,0.3
2025-10-08T05:39:57.556079,43.39006529971515,85.0,0.3
2025-10-08T05:39:58.638776,43.40655635380819,85.0,0.3
2025-10-08T05:39:59.718683,43.424223138500366,85.0,0.3
2025-10-08T05:40:00.800249,43.43861413927472,85.0,0.3
2025-10-08T05:40:01.887799,43.448289582241294,85.0,0.3
2025-10-08T05:40:02.970804,43.456145155611694,85.0,0.3
2025-10-08T05:40:04.050113,43.46674972731149,85.0,0.3
2025-10-08T05:40:05.134506,43.482144748879854,85.0,0.3
2025-10-08T05:40:06.216923,43.4999673543391,85.0,0.3
2025-10-08T05:40:07.305133,43.51562276827763,85.0,0.3
2025-10-08T05:40:08.391038,43.526508721173485,85.0,0.3
2025-10-08T05:40:09.480644,43.53440796399184,85.0,0.3
2025-10-08T05:40:10.566937,43.54384921516921,85.0,0.3
2025-10-08T05:40:11.651192,43.55794347776816,85.0,0.3
2025-10-08T05:40:12.729810,43.57552379760873,85.0,0.3
2025-10-08T05:40:13.809940,43.59221815555977,85.0,0.3
2025-10-08T05:40:14.894101,43.604469081765565,85.0,0.3
2025-10-08T05:40:15.975537,43.61280437702502,85.0,0.3
2025-10-08T05:40:17.056644,43.62135185517127,85.0,0.3
2025-10-08T05:40:18.142840,43.63404425006984,85.0,0.3
2025-10-08T05:40:19.229841,43.63404425006984,85.0,0.3
2025-10-08T05:40:20.322020,43.65100347823945,85.0,0.3
2025-10-08T05:40:21.421936,43.66842854936693,85.0,0.3
2025-10-08T05:40:22.507205,43.68209017927199,85.0,0.3
2025-10-08T05:40:23.595084,43.69121917427823,85.0,0.3
2025-10-08T05:40:24.677732,43.69921362433192,85.0,0.3
2025-10-08T05:40:25.757825,43.710514714776465,85.0,0.3
2025-10-08T05:40:26.843004,43.726523521029286,85.0,0.3
2025-10-08T05:40:27.931640,43.74431286630441,85.0,0.3
2025-10-08T05:40:29.012983,43.75931855445014,85.0,0.3
2025-10-08T05:40:30.096929,43.769535670842046,85.0,0.3
2025-10-08T05:40:31.179158,43.77736189164254,85.0,0.3
2025-10-08T05:40:32.263802,43.7873930713946,85.0,0.3
2025-10-08T05:40:33.345041,43.80219783554981,85.0,0.3
2025-10-08T05:40:34.427653,43.81995599807403,85.0,0.3
2025-10-08T05:40:35.506857,43.836132032092934,85.0,0.3
2025-10-08T05:40:36.587971,43.84764501238362,85.0,0.3
2025-10-08T05:40:37.677146,43.85570120381615,85.0,0.3
2025-10-08T05:40:38.765573,43.86468502699496,85.0,0.3
2025-10-08T05:40:39.851673,43.87812804217497,85.0,0.3
2025-10-08T05:40:40.932242,43.89546204904979,85.0,0.3
2025-10-08T05:40:42.013661,43.91254148749307,85.0,0.3
2025-10-08T05:40:43.097673,43.92545484642041,85.0,0.3
2025-10-08T05:40:44.176725,43.934120889041495,85.0,0.3
2025-10-08T05:40:45.255618,43.94236334159049,85.0,0.3
2025-10-08T05:40:46.337633,43.95439537706035,85.0,0.3
2025-10-08T05:40:47.424628,43.97094604338314,85.0,0.3
2025-10-08T05:40:48.507873,43.98858998012347,85.0,0.3
2025-10-08T05:40:49.586284,44.00289667906596,85.0,0.3
2025-10-08T05:40:50.665250,44.01250387303608,85.0,0.3
2025-10-08T05:40:51.742331,44.02036999805803,85.0,0.3
2025-10-08T05:40:52.821187,44.03105422091761,85.0,0.3
2025-10-08T05:40:53.904605,44.04652476224502,85.0,0.3
2025-10-08T05:40:54.983579,44.06434932354438,85.0,0.3
2025-10-08T05:40:56.064139,44.07993133121372,85.0,0.3
2025-10-08T05:40:57.145148,44.09073600511644,85.0,0.3
2025-10-08T05:40:58.224499,44.09862082374917,85.0,0.3
2025-10-08T05:40:59.305753,44.09862082374917,85.0,0.3
2025-10-08T05:41:00.392390,44.108127767078166,85.0,0.3
2025-10-08T05:41:01.479793,44.12230744110475,85.0,0.3
2025-10-08T05:41:02.567859,44.13991436477628,85.0,0.3
2025-10-08T05:41:03.654009,44.15655205952213,85.0,0.3
2025-10-08T05:41:04.739777,44.1687151513761,85.0,0.3
2025-10-08T05:41:05.824054,44.17701219563512,85.0,0.3
2025-10-08T05:41:06.906833,44.18560617392571,85.0,0.3
2025-10-08T05:41:07.992342,44.198387068095144,85.0,0.3
2025-10-08T05:41:09.080069,44.21539542884065,85.0,0.3
2025-10-08T05:41:10.160673,44.23278509358536,85.0,0.3
2025-10-08T05:41:11.245371,44.24635933061404,85.0,0.3
2025-10-08T05:41:12.335630,44.25542929485779,85.0,0.3
2025-10-08T05:41:13.420790,44.26344734887368,85.0,0.3
2025-10-08T05:41:14.503208,44.27483297663114,85.0,0.3
2025-10-08T05:41:15.588712,44.29090953033195,85.0,0.3
2025-10-08T05:41:16.682513,44.3086875464989,85.0,0.3
2025-10-08T05:41:17.765411,44.3236132449101,85.0,0.3
2025-10-08T05:41:18.849817,44.33375525313416,85.0,0.3
2025-10-08T05:41:19.935590,44.34158030143663,85.0,0.3
2025-10-08T05:41:21.016200,44.35168532234976,85.0,0.3
2025-10-08T05:41:22.098001,44.3665710521022,85.0,0.3
2025-10-08T05:41:23.182640,44.38434286526309,85.0,0.3
2025-10-08T05:41:24.266770,44.40045268462571,85.0,0.3
2025-10-08T05:41:25.349922,44.41188046241679,85.0,0.3
2025-10-08T05:41:26.436203,44.41991079829159,85.0,0.3
2025-10-08T05:41:27.521821,44.42895188433509,85.0,0.3
2025-10-08T05:41:28.605694,44.44248263358849,85.0,0.3
2025-10-08T05:41:29.688711,44.45985418344294,85.0,0.3
2025-10-08T05:41:30.769123,44.47688645692976,85.0,0.3
2025-10-08T05:41:31.853100,44.489711306208,85.0,0.3
2025-10-08T05:41:32.937861,44.49832886985055,85.0,0.3
2025-10-08T05:41:34.021878,44.50660744544088,85.0,0.3
2025-10-08T05:41:35.103625,44.51872699461432,85.0,0.3
2025-10-08T05:41:36.183325,44.53533610560746,85.0,0.3
2025-10-08T05:41:37.268736,44.53533610560746,85.0,0.3
2025-10-08T05:41:38.360495,44.552955684224536,85.0,0.3
2025-10-08T05:41:39.451216,44.56717761699633,85.0,0.3
2025-10-08T05:41:40.536841,44.57671757037476,85.0,0.3
2025-10-08T05:41:41.617653,44.58459580107392,85.0,0.3
2025-10-08T05:41:42.705836,44.595360345975806,85.0,0.3
2025-10-08T05:41:43.797975,44.61090557799536,85.0,0.3
2025-10-08T05:41:44.890123,44.6287305283588,85.0,0.3
2025-10-08T05:41:45.981719,44.64423826576042,85.0,0.3
2025-10-08T05:41:47.061660,44.65496229380526,85.0,0.3
2025-10-08T05:41:48.141097,44.66283423641976,85.0,0.3
2025-10-08T05:41:49.223722,44.67240791172196,85.0,0.3
2025-10-08T05:41:50.309612,44.68667257264476,85.0,0.3
2025-10-08T05:41:51.400270,44.70430460157508,85.0,0.3
2025-10-08T05:41:52.484417,44.720884438283136,85.0,0.3
2025-10-08T05:41:53.565060,44.73295990321586,85.0,0.3
2025-10-08T05:41:54.644798,44.741220115457445,85.0,0.3
2025-10-08T05:41:55.725537,44.74986191982139,85.0,0.3
2025-10-08T05:41:56.811121,44.762731327083685,85.0,0.3
2025-10-08T05:41:57.898750,44.779787509412174,85.0,0.3
2025-10-08T05:41:58.987071,44.79714033728714,85.0,0.3
2025-10-08T05:42:00.077438,44.81062694664149,85.0,0.3
2025-10-08T05:42:01.168884,44.81963905688601,85.0,0.3
2025-10-08T05:42:02.252234,44.82768222127784,85.0,0.3
2025-10-08T05:42:03.336579,44.839152837422574,85.0,0.3
2025-10-08T05:42:04.425563,44.85529611959068,85.0,0.3
2025-10-08T05:42:05.505417,44.87306125445985,85.0,0.3
2025-10-08T05:42:06.585349,44.88790630481396,85.0,0.3
2025-10-08T05:42:07.665181,44.89797404567339,85.0,0.3
2025-10-08T05:42:08.744552,44.90579948837622,85.0,0.3
2025-10-08T05:42:09.826203,44.91597920284483,85.0,0.3
2025-10-08T05:42:10.906108,44.93094525239742,85.0,0.3
2025-10-08T05:42:11.990058,44.948729165949295,85.0,0.3
2025-10-08T05:42:13.075848,44.96477174125006,85.0,0.3
2025-10-08T05:42:14.161343,44.9761147544068,85.0,0.3
2025-10-08T05:42:15.259374,44.98412073728868,85.0,0.3
2025-10-08T05:42:16.348747,44.98412073728868,85.0,0.3
2025-10-08T05:42:17.435862,44.993220272010056,85.0,0.3
2025-10-08T05:42:18.528918,45.00683853416724,85.0,0.3
2025-10-08T05:42:19.615908,45.02424620219123,85.0,0.3
2025-10-08T05:42:20.701180,45.04122999223483,85.0,0.3
2025-10-08T05:42:21.784960,45.0539663319112,85.0,0.3
2025-10-08T05:42:22.865724,45.062536735113,85.0,0.3
2025-10-08T05:42:23.956072,45.07085285851543,85.0,0.3
2025-10-08T05:42:25.042108,45.08306014246854,85.0,0.3
2025-10-08T05:42:26.134988,45.0997265122571,85.0,0.3
2025-10-08T05:42:27.225527,45.11732023021289,85.0,0.3
2025-10-08T05:42:28.307409,45.13145695903943,85.0,0.3
2025-10-08T05:42:29.393519,45.14093070130295,85.0,0.3
2025-10-08T05:42:30.480612,45.14882258791125,85.0,0.3
2025-10-08T05:42:31.568564,45.15966810056644,85.0,0.3
2025-10-08T05:42:32.654405,45.17528717080448,85.0,0.3
2025-10-08T05:42:33.734937,45.19311094333402,85.0,0.3
2025-10-08T05:42:34.812094,45.20854356974443,85.0,0.3
2025-10-08T05:42:35.895552,45.21918761033966,85.0,0.3
2025-10-08T05:42:36.980226,45.227048229138454,85.0,0.3
2025-10-08T05:42:38.066715,45.23668965532278,85.0,0.3
2025-10-08T05:42:39.152906,45.251038851976965,85.0,0.3
2025-10-08T05:42:40.235445,45.26869447972635,85.0,0.3
2025-10-08T05:42:41.320746,45.28521528169573,85.0,0.3
2025-10-08T05:42:42.398039,45.29720335459852,85.0,0.3
2025-10-08T05:42:43.484276,45.30542816534822,85.0,0.3
2025-10-08T05:42:44.571464,45.314119106726686,85.0,0.3
2025-10-08T05:42:45.656920,45.32707701316538,85.0,0.3
2025-10-08T05:42:46.736664,45.344179691097494,85.0,0.3
2025-10-08T05:42:47.816542,45.36149426315977,85.0,0.3
2025-10-08T05:42:48.894842,45.37489303750287,85.0,0.3
2025-10-08T05:42:49.976667,45.38384848864185,85.0,0.3
2025-10-08T05:42:51.056982,45.38384848864185,85.0,0.3
2025-10-08T05:42:52.145533,45.3919182619542,85.0,0.3
2025-10-08T05:42:53.236994,45.40347429092669,85.0,0.3
2025-10-08T05:42:54.325013,45.41968326166985,85.0,0.3
2025-10-08T05:42:55.412082,45.43743396708842,85.0,0.3
2025-10-08T05:42:56.499865,45.4521977363366,85.0,0.3
2025-10-08T05:42:57.581176,45.46219207390873,85.0,0.3
2025-10-08T05:42:58.660086,45.47001947778671,85.0,0.3
2025-10-08T05:42:59.741024,45.48027471479753,85.0,0.3
2025-10-08T05:43:00.824518,45.495320413182384,85.0,0.3
2025-10-08T05:43:01.904868,45.5131148730875,85.0,0.3
2025-10-08T05:43:02.982772,45.52908919599396,85.0,0.3
2025-10-08T05:43:04.069743,45.54034790894541,85.0,0.3
2025-10-08T05:43:05.158159,45.54833104903098,85.0,0.3
2025-10-08T05:43:06.253394,45.55749019992662,85.0,0.3
2025-10-08T05:43:07.343320,45.57119572639295,85.0,0.3
2025-10-08T05:43:08.435969,45.58863807645758,85.0,0.3
2025-10-08T05:43:09.524034,45.60557207976509,85.0,0.3
2025-10-08T05:43:10.604525,45.6182199376242,85.0,0.3
2025-10-08T05:43:11.692398,45.62674451370231,85.0,0.3
2025-10-08T05:43:12.775380,45.635099597920785,85.0,0.3
2025-10-08T05:43:13.853456,45.64739481023509,85.0,0.3
2025-10-08T05:43:14.937032,45.66411723500021,85.0,0.3
2025-10-08T05:43:16.024137,45.681683597861,85.0,0.3
2025-10-08T05:43:17.107242,45.69573471166916,85.0,0.3
2025-10-08T05:43:18.192805,45.70514329304398,85.0,0.3
2025-10-08T05:43:19.274873,45.71305038151384,85.0,0.3
2025-10-08T05:43:20.356842,45.72397748225944,85.0,0.3
2025-10-08T05:43:21.436434,45.73966951510266,85.0,0.3
2025-10-08T05:43:22.513698,45.75749054326945,85.0,0.3
2025-10-08T05:43:23.592192,45.77284724150362,85.0,0.3
2025-10-08T05:43:24.668037,45.78341197812421,85.0,0.3
2025-10-08T05:43:25.746481,45.7912628288585,85.0,0.3
2025-10-08T05:43:26.832439,45.800973003601925,85.0,0.3
2025-10-08T05:43:27.920858,45.800973003601925,85.0,0.3
2025-10-08T05:43:29.007713,45.81540625833063,85.0,0.3
2025-10-08T05:43:30.095908,45.833083971063886,85.0,0.3
2025-10-08T05:43:31.184583,45.849544580094175,85.0,0.3
2025-10-08T05:43:32.265169,45.86144552324552,85.0,0.3
2025-10-08T05:43:33.346018,45.86963637412307,85.0,0.3
2025-10-08T05:43:34.430379,45.87837774805853,85.0,0.3
2025-10-08T05:43:35.512041,45.89142411202304,85.0,0.3
2025-10-08T05:43:36.596160,45.9085719450085,85.0,0.3
2025-10-08T05:43:37.686830,45.92584685430384,85.0,0.3
2025-10-08T05:43:38.766668,45.93915761382474,85.0,0.3
2025-10-08T05:43:39.845354,45.94805761850788,85.0,0.3
2025-10-08T05:43:40.927873,45.956155490946536,85.0,0.3
2025-10-08T05:43:42.007904,45.96779733042035,85.0,0.3
2025-10-08T05:43:43.089678,45.98407092926068,85.0,0.3
2025-10-08T05:43:44.169850,46.00180566159775,85.0,0.3
2025-10-08T05:43:45.253282,46.01648754216326,85.0,0.3
2025-10-08T05:43:46.338735,46.02640936352872,85.0,0.3
2025-10-08T05:43:47.423002,46.03424029474204,85.0,0.3
2025-10-08T05:43:48.507805,46.04457185961436,85.0,0.3
2025-10-08T05:43:49.593428,46.059696510903,85.0,0.3
2025-10-08T05:43:50.679580,46.07749995981858,85.0,0.3
2025-10-08T05:43:51.766866,46.0934050433874,85.0,0.3
2025-10-08T05:43:52.848767,46.10457994698082,85.0,0.3
2025-10-08T05:43:53.930005,46.112541761625245,85.0,0.3
2025-10-08T05:43:55.011788,46.12176167750886,85.0,0.3
2025-10-08T05:43:56.095554,46.13555419234257,85.0,0.3
2025-10-08T05:43:57.176329,46.15302977745019,85.0,0.3
2025-10-08T05:43:58.253296,46.16991270633105,85.0,0.3
2025-10-08T05:43:59.335379,46.18247213788618,85.0,0.3
2025-10-08T05:44:00.420027,46.19095223451907,85.0,0.3
2025-10-08T05:44:01.502594,46.19934768034789,85.0,0.3
2025-10-08T05:44:02.585256,46.21173098704969,85.0,0.3
2025-10-08T05:44:03.665455,46.22850824540586,85.0,0.3
2025-10-08T05:44:04.742903,46.24604576731051,85.0,0.3
2025-10-08T05:44:05.822064,46.26001088185742,85.0,0.3
2025-10-08T05:44:06.905559,46.26001088185742,85.0,0.3
2025-10-08T05:44:07.988714,46.269355372990056,85.0,0.3
2025-10-08T05:44:09.070094,46.277279204509895,85.0,0.3
2025-10-08T05:44:10.152412,46.288288488114695,85.0,0.3
2025-10-08T05:44:11.251277,46.3040525850846,85.0,0.3
2025-10-08T05:44:12.330048,46.32186930321982,85.0,0.3
2025-10-08T05:44:13.408272,46.33714927988732,85.0,0.3
2025-10-08T05:44:14.492942,46.347635420860705,85.0,0.3
2025-10-08T05:44:15.573729,46.35547806234285,85.0,0.3
2025-10-08T05:44:16.657514,46.365257961777736,85.0,0.3
2025-10-08T05:44:17.744646,46.37977477058174,85.0,0.3
2025-10-08T05:44:18.825185,46.39747304754263,85.0,0.3
2025-10-08T05:44:19.907683,46.41387232429684,85.0,0.3
2025-10-08T05:44:20.989200,46.42568642728016,85.0,0.3
2025-10-08T05:44:22.068924,46.43384477054775,85.0,0.3
2025-10-08T05:44:23.148613,46.44263785677799,85.0,0.3
2025-10-08T05:44:24.231729,46.45577260889668,85.0,0.3
2025-10-08T05:44:25.317091,46.47296424223439,85.0,0.3
2025-10-08T05:44:26.396007,46.4901980942382,85.0,0.3
2025-10-08T05:44:27.473140,46.50342068670827,85.0,0.3
2025-10-08T05:44:28.552683,46.51226647496121,85.0,0.3
2025-10-08T05:44:29.632893,46.52039392792619,85.0,0.3
2025-10-08T05:44:30.716210,46.53212194868337,85.0,0.3
2025-10-08T05:44:31.801384,46.54845909488961,85.0,0.3
2025-10-08T05:44:32.883260,46.56617631551999,85.0,0.3
2025-10-08T05:44:33.968084,46.58077572548857,85.0,0.3
2025-10-08T05:44:35.049734,46.59062594045335,85.0,0.3
2025-10-08T05:44:36.131209,46.59846196405679,85.0,0.3
2025-10-08T05:44:37.212457,46.60887063819004,85.0,0.3
2025-10-08T05:44:38.291769,46.62407352171154,85.0,0.3
2025-10-08T05:44:39.371736,46.64188439947779,85.0,0.3
2025-10-08T05:44:40.456202,46.65771927846405,85.0,0.3
2025-10-08T05:44:41.543064,46.66881088981113,85.0,0.3
2025-10-08T05:44:42.624004,46.67675290305258,85.0,0.3
2025-10-08T05:44:43.701778,46.68603471369517,85.0,0.3
2025-10-08T05:44:44.779216,46.69991391369385,85.0,0.3
2025-10-08T05:44:45.867588,46.69991391369385,85.0,0.3
2025-10-08T05:44:46.949066,46.71742127643152,85.0,0.3
2025-10-08T05:44:48.037212,46.734251859201,85.0,0.3
2025-10-08T05:44:49.118259,46.74672294767672,85.0,0.3
2025-10-08T05:44:50.205493,46.75515992648196,85.0,0.3
2025-10-08T05:44:51.286864,46.76359712206679,85.0,0.3
2025-10-08T05:44:52.367585,46.77606866157513,85.0,0.3
2025-10-08T05:44:53.446537,46.792899514952936,85.0,0.3
2025-10-08T05:44:54.530954,46.8104067190786,85.0,0.3
2025-10-08T05:44:55.621009,46.82428547707208,85.0,0.3
2025-10-08T05:44:56.708081,46.83356696869382,85.0,0.3
2025-10-08T05:44:57.793435,46.84150907920508,85.0,0.3
2025-10-08T05:44:58.878580,46.8526011146832,85.0,0.3
2025-10-08T05:44:59.964129,46.86843635471763,85.0,0.3
2025-10-08T05:45:01.044176,46.88624719850315,85.0,0.3
2025-10-08T05:45:02.123832,46.90144968425675,85.0,0.3
2025-10-08T05:45:03.202943,46.91185796254091,85.0,0.3
2025-10-08T05:45:04.280629,46.91969395615588,85.0,0.3
2025-10-08T05:45:05.363635,46.92954453456409,85.0,0.3
2025-10-08T05:45:06.449447,46.94414436725977,85.0,0.3
2025-10-08T05:45:07.531222,46.961861681247576,85.0,0.3
2025-10-08T05:45:08.611783,46.97819850560919,85.0,0.3
2025-10-08T05:45:09.693239,46.989926085222145,85.0,0.3
2025-10-08T05:45:10.772565,46.99805338332928,85.0,0.3
2025-10-08T05:45:11.851902,47.00689944538633,85.0,0.3
2025-10-08T05:45:12.933991,47.02012248858824,85.0,0.3
2025-10-08T05:45:14.011610,47.03735655385084,85.0,0.3
2025-10-08T05:45:15.088748,47.05454796690514,85.0,0.3
2025-10-08T05:45:16.164913,47.067682267725765,85.0,0.3
2025-10-08T05:45:17.240740,47.07647508656465,85.0,0.3
2025-10-08T05:45:18.319998,47.084633592185966,85.0,0.3
2025-10-08T05:45:19.403239,47.09644813800084,85.0,0.3
2025-10-08T05:45:20.480598,47.11284773092712,85.0,0.3
2025-10-08T05:45:21.569058,47.13054590671347,85.0,0.3
2025-10-08T05:45:22.659938,47.13054590671347,85.0,0.3
2025-10-08T05:45:23.750457,47.14506229001572,85.0,0.3
2025-10-08T05:45:24.837694,47.154841830826,85.0,0.3
2025-10-08T05:45:25.929028,47.16268451027848,85.0,0.3
2025-10-08T05:45:27.022484,47.173171050907406,85.0,0.3
2025-10-08T05:45:28.117604,47.188451421474184,85.0,0.3
2025-10-08T05:45:29.205043,47.20626816560325,85.0,0.3
2025-10-08T05:45:30.292501,47.22203189676294,85.0,0.3
2025-10-08T05:45:31.381492,47.233040759077696,85.0,0.3
2025-10-08T05:45:32.472399,47.24096450115978,85.0,0.3
2025-10-08T05:45:33.556416,47.25030931693562,85.0,0.3
2025-10-08T05:45:34.637156,47.26427487173122,85.0,0.3
2025-10-08T05:45:35.714401,47.28181254472744,85.0,0.3
2025-10-08T05:45:36.795173,47.29858952610516,85.0,0.3
2025-10-08T05:45:37.874401,47.31097238241121,85.0,0.3
2025-10-08T05:45:38.957779,47.31936761851875,85.0,0.3
2025-10-08T05:45:40.043561,47.3278479389216,85.0,0.3
2025-10-08T05:45:41.130114,47.34040782200487,85.0,0.3
2025-10-08T05:45:42.211661,47.35729101503915,85.0,0.3
2025-10-08T05:45:43.296828,47.37476643406404,85.0,0.3
2025-10-08T05:45:44.375954,47.38855850527456,85.0,0.3
2025-10-08T05:45:45.465413,47.39777810785964,85.0,0.3
2025-10-08T05:45:46.551223,47.40574002757541,85.0,0.3
2025-10-08T05:45:47.631901,47.41691535800796,85.0,0.3
2025-10-08T05:45:48.712978,47.43282079774976,85.0,0.3
2025-10-08T05:45:49.797032,47.450624204708376,85.0,0.3
2025-10-08T05:45:50.878235,47.46574845448516,85.0,0.3
2025-10-08T05:45:51.959796,47.47607962743887,85.0,0.3
2025-10-08T05:45:53.036432,47.483910536655,85.0,0.3
2025-10-08T05:45:54.115944,47.493832726168804,85.0,0.3
2025-10-08T05:45:55.196184,47.50851502655429,85.0,0.3
2025-10-08T05:45:56.271776,47.52624984440243,85.0,0.3
2025-10-08T05:45:57.348128,47.54252311582642,85.0,0.3
2025-10-08T05:45:58.428580,47.55416451598157,85.0,0.3
2025-10-08T05:45:59.507480,47.56226224110678,85.0,0.3
2025-10-08T05:46:00.599831,47.57116252592099,85.0,0.3
2025-10-08T05:46:01.687155,47.57116252592099,85.0,0.3
2025-10-08T05:46:02.773516,47.58447373546626,85.0,0.3
2025-10-08T05:46:03.868002,47.60174885092895,85.0,0.3
2025-10-08T05:46:04.954024,47.61889645667541,85.0,0.3
2025-10-08T05:46:06.040485,47.63194236891707,85.0,0.3
2025-10-08T05:46:07.126282,47.64068348195774,85.0,0.3
2025-10-08T05:46:08.210456,47.64887450263401,85.0,0.3
2025-10-08T05:46:09.296501,47.66077589016543,85.0,0.3
2025-10-08T05:46:10.380207,47.67723680959616,85.0,0.3
2025-10-08T05:46:11.456925,47.69491441336948,85.0,0.3
2025-10-08T05:46:12.536235,47.709347239955136,85.0,0.3
2025-10-08T05:46:13.625385,47.71905706100515,85.0,0.3
2025-10-08T05:46:14.712296,47.72690795767976,85.0,0.3
2025-10-08T05:46:15.796788,47.73747309763707,85.0,0.3
2025-10-08T05:46:16.878507,47.752830185778464,85.0,0.3
2025-10-08T05:46:17.960690,47.770651231944065,85.0,0.3
2025-10-08T05:46:19.039004,47.786342894329664,85.0,0.3
2025-10-08T05:46:20.120011,47.79726957675823,85.0,0.3
2025-10-08T05:46:21.196407,47.80517658365041,85.0,0.3
2025-10-08T05:46:22.273884,47.81458549518904,85.0,0.3
2025-10-08T05:46:23.349972,47.82863704735141,85.0,0.3
2025-10-08T05:46:24.435648,47.84620355373597,85.0,0.3
2025-10-08T05:46:25.519149,47.86292569523933,85.0,0.3
2025-10-08T05:46:26.602131,47.8752204579359,85.0,0.3
2025-10-08T05:46:27.681064,47.88357533955713,85.0,0.3
2025-10-08T05:46:28.758706,47.892100146325454,85.0,0.3
2025-10-08T05:46:29.840094,47.90474845606672,85.0,0.3
2025-10-08T05:46:30.923911,47.92168271698996,85.0,0.3
2025-10-08T05:46:32.014957,47.93912489355318,85.0,0.3
2025-10-08T05:46:33.104436,47.95282997491735,85.0,0.3
2025-10-08T05:46:34.180882,47.96198881833496,85.0,0.3
2025-10-08T05:46:35.257956,47.96997207126052,85.0,0.3
2025-10-08T05:46:36.337395,47.981231213625406,85.0,0.3
2025-10-08T05:46:37.421325,47.99720588771803,85.0,0.3
2025-10-08T05:46:38.507524,48.0150002977031,85.0,0.3
2025-10-08T05:46:39.596632,48.0150002977031,85.0,0.3
2025-10-08T05:46:40.682699,48.03004559095795,85.0,0.3
2025-10-08T05:46:41.767611,48.040300440103486,85.0,0.3
2025-10-08T05:46:42.851181,48.04812782998244,85.0,0.3
2025-10-08T05:46:43.930940,48.058122540292445,85.0,0.3
2025-10-08T05:46:45.012575,48.072886726321926,85.0,0.3
2025-10-08T05:46:46.093042,48.0906375093784,85.0,0.3
2025-10-08T05:46:47.171631,48.10684614723616,85.0,0.3
2025-10-08T05:46:48.248762,48.11840173885322,85.0,0.3
2025-10-08T05:46:49.329269,48.12647137244269,85.0,0.3
2025-10-08T05:46:50.415920,48.135427109951905,85.0,0.3
2025-10-08T05:46:51.495027,48.148826333470886,85.0,0.3
2025-10-08T05:46:52.575850,48.16614110454445,85.0,0.3
2025-10-08T05:46:53.654876,48.1832435483532,85.0,0.3
2025-10-08T05:46:54.737564,48.19620100278581,85.0,0.3
2025-10-08T05:46:55.819813,48.2048916898478,85.0,0.3
2025-10-08T05:46:56.902701,48.213116677788,85.0,0.3
2025-10-08T05:46:57.983088,48.22510519648016,85.0,0.3
2025-10-08T05:46:59.061167,48.24162630298107,85.0,0.3
2025-10-08T05:47:00.145596,48.25928181401926,85.0,0.3
2025-10-08T05:47:01.238690,48.27363058002327,85.0,0.3
2025-10-08T05:47:02.321337,48.28327165755621,85.0,0.3
2025-10-08T05:47:03.398279,48.291132330250896,85.0,0.3
2025-10-08T05:47:04.474273,48.30177677773766,85.0,0.3
2025-10-08T05:47:05.554931,48.31720978994104,85.0,0.3
2025-10-08T05:47:06.638107,48.33503357246872,85.0,0.3
2025-10-08T05:47:07.720144,48.35065226771781,85.0,0.3
2025-10-08T05:47:08.801646,48.36149736516009,85.0,0.3
2025-10-08T05:47:09.878426,48.36938917807634,85.0,0.3
2025-10-08T05:47:10.958745,48.3788632559208,85.0,0.3
2025-10-08T05:47:12.035252,48.3930004210697,85.0,0.3
2025-10-08T05:47:13.116097,48.41059427493651,85.0,0.3
2025-10-08T05:47:14.197778,48.42726035526877,85.0,0.3
2025-10-08T05:47:15.275657,48.43946719052306,85.0,0.3
2025-10-08T05:47:16.356439,48.447783118515765,85.0,0.3
2025-10-08T05:47:17.436713,48.45635375925574,85.0,0.3
2025-10-08T05:47:18.528569,48.46909055102668,85.0,0.3
2025-10-08T05:47:19.610299,48.46909055102668,85.0,0.3
2025-10-08T05:47:20.689876,48.48607459206758,85.0,0.3
2025-10-08T05:47:21.770963,48.50348207922585,85.0,0.3
2025-10-08T05:47:22.853695,48.51709989494139,85.0,0.3
2025-10-08T05:47:23.941178,48.5261991281016,85.0,0.3
2025-10-08T05:47:25.022154,48.534205231556726,85.0,0.3
2025-10-08T05:47:26.100444,48.545548676566646,85.0,0.3
2025-10-08T05:47:27.178331,48.5615915979567,85.0,0.3
2025-10-08T05:47:28.261597,48.57937545364108,85.0,0.3
2025-10-08T05:47:29.349708,48.5943410945725,85.0,0.3
2025-10-08T05:47:30.436547,48.604520425350685,85.0,0.3
2025-10-08T05:47:31.522058,48.61234586205705,85.0,0.3
2025-10-08T05:47:32.604380,48.622413980127085,85.0,0.3
2025-10-08T05:47:33.684798,48.6372594440932,85.0,0.3
2025-10-08T05:47:34.763153,48.65502464870279,85.0,0.3
2025-10-08T05:47:35.846840,48.67116759262072,85.0,0.3
2025-10-08T05:47:36.928560,48.68263777351033,85.0,0.3
2025-10-08T05:47:38.020597,48.69068080581364,85.0,0.3
2025-10-08T05:47:39.119490,48.69969320857782,85.0,0.3
2025-10-08T05:47:40.204842,48.71318026611878,85.0,0.3
2025-10-08T05:47:41.288268,48.730533285786606,85.0,0.3
2025-10-08T05:47:42.371925,48.747589227180725,85.0,0.3
2025-10-08T05:47:43.455420,48.76045818229537,85.0,0.3
2025-10-08T05:47:44.541174,48.76909973900085,85.0,0.3
2025-10-08T05:47:45.625921,48.77736013576921,85.0,0.3
2025-10-08T05:47:46.704930,48.78943604776087,85.0,0.3
2025-10-08T05:47:47.794135,48.80601618303611,85.0,0.3
2025-10-08T05:47:48.877981,48.82364808754056,85.0,0.3
2025-10-08T05:47:49.964915,48.83791231544102,85.0,0.3
2025-10-08T05:47:51.049377,48.84748564724313,85.0,0.3
2025-10-08T05:47:52.133435,48.85535765169221,85.0,0.3
2025-10-08T05:47:53.215044,48.866082090055855,85.0,0.3
2025-10-08T05:47:54.300233,48.8815902090153,85.0,0.3
2025-10-08T05:47:55.387673,48.899415161373064,85.0,0.3
2025-10-08T05:47:56.473002,48.899415161373064,85.0,0.3
2025-10-08T05:47:57.556826,48.91496001398989,85.0,0.3
2025-10-08T05:47:58.646966,48.925724146913105,85.0,0.3
2025-10-08T05:47:59.733604,48.933602311828935,85.0,0.3
2025-10-08T05:48:00.820649,48.94314260610027,85.0,0.3
2025-10-08T05:48:01.915613,48.95736497302585,85.0,0.3
2025-10-08T05:48:02.998745,48.97498467989858,85.0,0.3
2025-10-08T05:48:04.079879,48.9915934953316,85.0,0.3
2025-10-08T05:48:05.164261,49.00371259686575,85.0,0.3
2025-10-08T05:48:06.243128,49.01199098429512,85.0,0.3
2025-10-08T05:48:07.320923,49.02060879224936,85.0,0.3
2025-10-08T05:48:08.402999,49.0334340936929,85.0,0.3
2025-10-08T05:48:09.483655,49.050466611479926,85.0,0.3
2025-10-08T05:48:10.566073,49.06783797316102,85.0,0.3
2025-10-08T05:48:11.650078,49.0813682747732,85.0,0.3
2025-10-08T05:48:12.732485,49.09040906526689,85.0,0.3
2025-10-08T05:48:13.817768,49.09843952941042,85.0,0.3
2025-10-08T05:48:14.898073,49.10986774135909,85.0,0.3
2025-10-08T05:48:15.981595,49.12597790160567,85.0,0.3
2025-10-08T05:48:17.061642,49.14374964896975,85.0,0.3
2025-10-08T05:48:18.139004,49.15863496673789,85.0,0.3
2025-10-08T05:48:19.220122,49.16873960825571,85.0,0.3
2025-10-08T05:48:20.299211,49.17656465856614,85.0,0.3
2025-10-08T05:48:21.376506,49.18670704835534,85.0,0.3
2025-10-08T05:48:22.458471,49.20163315707962,85.0,0.3
2025-10-08T05:48:23.544297,49.219411235067646,85.0,0.3
2025-10-08T05:48:24.634841,49.23548744525952,85.0,0.3
2025-10-08T05:48:25.714212,49.24687263999856,85.0,0.3
2025-10-08T05:48:26.792480,49.254890569601685,85.0,0.3
2025-10-08T05:48:27.873648,49.26396083242285,85.0,0.3
2025-10-08T05:48:28.963258,49.27753551650842,85.0,0.3
2025-10-08T05:48:30.045747,49.29492536576746,85.0,0.3
2025-10-08T05:48:31.123482,49.311933478843095,85.0,0.3
2025-10-08T05:48:32.200626,49.324713920865,85.0,0.3
2025-10-08T05:48:33.290968,49.33330765823275,85.0,0.3
2025-10-08T05:48:34.371042,49.33330765823275,85.0,0.3
2025-10-08T05:48:35.454531,49.34160489429697,85.0,0.3
2025-10-08T05:48:36.534692,49.353768434339365,85.0,0.3
2025-10-08T05:48:37.620261,49.37040642159448,85.0,0.3
2025-10-08T05:48:38.713087,49.388013213164456,85.0,0.3
2025-10-08T05:48:39.795850,49.40219245193222,85.0,0.3
2025-10-08T05:48:40.880825,49.41169905702008,85.0,0.3
2025-10-08T05:48:41.973099,49.41958394540669,85.0,0.3
2025-10-08T05:48:43.059524,49.43038903292692,85.0,0.3
2025-10-08T05:48:44.138938,49.44597141779936,85.0,0.3
2025-10-08T05:48:45.221394,49.46379597308862,85.0,0.3
2025-10-08T05:48:46.307428,49.47926613071839,85.0,0.3
2025-10-08T05:48:47.389854,49.48994994496263,85.0,0.3
2025-10-08T05:48:48.472171,49.4978160121306,85.0,0.3
2025-10-08T05:48:49.560113,49.50742355219878,85.0,0.3
2025-10-08T05:48:50.652194,49.52173068299041,85.0,0.3
2025-10-08T05:48:51.734234,49.53937474029086,85.0,0.3
2025-10-08T05:48:52.814918,49.55592510504232,85.0,0.3
2025-10-08T05:48:53.900474,49.5679566940727,85.0,0.3
2025-10-08T05:48:54.988773,49.57619896576846,85.0,0.3
2025-10-08T05:48:56.075979,49.58486525939819,85.0,0.3
2025-10-08T05:48:57.157056,49.59777907041986,85.0,0.3
2025-10-08T05:48:58.237887,49.61485874638972,85.0,0.3
2025-10-08T05:48:59.320753,49.63219255784252,85.0,0.3
2025-10-08T05:49:00.402872,49.64563512432201,85.0,0.3
2025-10-08T05:49:01.483588,49.65461865805501,85.0,0.3
2025-10-08T05:49:02.563034,49.66267498541156,85.0,0.3
2025-10-08T05:49:03.644514,49.6741884020282,85.0,0.3
2025-10-08T05:49:04.730407,49.69036477161891,85.0,0.3
2025-10-08T05:49:05.811888,49.70812286043763,85.0,0.3
2025-10-08T05:49:06.897775,49.72292720937454,85.0,0.3
2025-10-08T05:49:07.989686,49.73295801414528,85.0,0.3
2025-10-08T05:49:09.073654,49.74078424495754,85.0,0.3
2025-10-08T05:49:10.155337,49.75100174714953,85.0,0.3
2025-10-08T05:49:11.235609,49.76600784218084,85.0,0.3
2025-10-08T05:49:12.314516,49.76600784218084,85.0,0.3
2025-10-08T05:49:13.408255,49.78379724133832,85.0,0.3
2025-10-08T05:49:14.494363,49.79980569893108,85.0,0.3
2025-10-08T05:49:15.579415,49.8111063587296,85.0,0.3
2025-10-08T05:49:16.661349,49.81910069208527,85.0,0.3
2025-10-08T05:49:17.742293,49.82822999163312,85.0,0.3
2025-10-08T05:49:18.823852,49.84189206732527,85.0,0.3
2025-10-08T05:49:19.909364,49.85931731563072,85.0,0.3
2025-10-08T05:49:20.995256,49.87627628947258,85.0,0.3
2025-10-08T05:49:22.071712,49.88896823236544,85.0,0.3
2025-10-08T05:49:23.156994,49.89751547639998,85.0,0.3
2025-10-08T05:49:24.243675,49.90585097068296,85.0,0.3
2025-10-08T05:49:25.325684,49.9181023460662,85.0,0.3
2025-10-08T05:49:26.413976,49.93479699037693,85.0,0.3
2025-10-08T05:49:27.495271,49.95237717048166,85.0,0.3
2025-10-08T05:49:28.578023,49.96647099572173,85.0,0.3
2025-10-08T05:49:29.659867,49.97591191402291,85.0,0.3
2025-10-08T05:49:30.746950,49.9838112344926,85.0,0.3
2025-10-08T05:49:31.832001,49.99469760417504,85.0,0.3
2025-10-08T05:49:32.915929,50.01035339084373,85.0,0.3
2025-10-08T05:49:34.000384,50.02817598229033,85.0,0.3
2025-10-08T05:49:35.079496,50.0435706159864,85.0,0.3
2025-10-08T05:49:36.158255,50.05417478256225,85.0,0.3
2025-10-08T05:49:37.234440,50.062030306026145,85.0,0.3
2025-10-08T05:49:38.313191,50.07170610018746,85.0,0.3
2025-10-08T05:49:39.396598,50.08609753037099,85.0,0.3
2025-10-08T05:49:40.480374,50.10376442788995,85.0,0.3
2025-10-08T05:49:41.560982,50.120255174494964,85.0,0.3
2025-10-08T05:49:42.641928,50.132199499662846,85.0,0.3
2025-10-08T05:49:43.729974,50.1404070917728,85.0,0.3
2025-10-08T05:49:44.813402,50.14912317434467,85.0,0.3
2025-10-08T05:49:45.896515,50.16212546711263,85.0,0.3
2025-10-08T05:49:46.979562,50.17925096792345,85.0,0.3
2025-10-08T05:49:48.067143,50.19654581616444,85.0,0.3
2025-10-08T05:49:49.153979,50.19654581616444,85.0,0.3
2025-10-08T05:49:50.242483,50.20990045397659,85.0,0.3
2025-10-08T05:49:51.327770,50.218827934797964,85.0,0.3
2025-10-08T05:49:52.413432,50.22691161978706,85.0,0.3
2025-10-08T05:49:53.496230,50.23851065209921,85.0,0.3
2025-10-08T05:49:54.584762,50.254752180772776,85.0,0.3
2025-10-08T05:49:55.671867,50.27249506510142,85.0,0.3
2025-10-08T05:49:56.752882,50.28721782491336,85.0,0.3
2025-10-08T05:49:57.839496,50.29717566858948,85.0,0.3
2025-10-08T05:49:58.930113,50.30500464643138,85.0,0.3
2025-10-08T05:50:00.022986,50.31529807817088,85.0,0.3
2025-10-08T05:50:01.110255,50.330383475991766,85.0,0.3
2025-10-08T05:50:02.199617,50.34818264056187,85.0,0.3
2025-10-08T05:50:03.287026,50.36412234791498,85.0,0.3
2025-10-08T05:50:04.368447,50.37533895047485,85.0,0.3
2025-10-08T05:50:05.449066,50.38331120143043,85.0,0.3
2025-10-08T05:50:06.527649,50.392500695873565,85.0,0.3
2025-10-08T05:50:07.607115,50.40624990084724,85.0,0.3
2025-10-08T05:50:08.686099,50.42370910656085,85.0,0.3
2025-10-08T05:50:09.770995,50.44061764565304,85.0,0.3
2025-10-08T05:50:10.858568,50.45322113111465,85.0,0.3
2025-10-08T05:50:11.947213,50.46172322239073,85.0,0.3
2025-10-08T05:50:13.035227,50.47009838182592,85.0,0.3
2025-10-08T05:50:14.123077,50.48243777231403,85.0,0.3
2025-10-08T05:50:15.215596,50.499187861000784,85.0,0.3
2025-10-08T05:50:16.305066,50.51673993944906,85.0,0.3
2025-10-08T05:50:17.396993,50.53074795353355,85.0,0.3
2025-10-08T05:50:18.490705,50.54012424556072,85.0,0.3
2025-10-08T05:50:19.578318,50.54803954173626,85.0,0.3
2025-10-08T05:50:20.657114,50.55900780111412,85.0,0.3
2025-10-08T05:50:21.736033,50.5747361024595,85.0,0.3
2025-10-08T05:50:22.816115,50.59255516390471,85.0,0.3
2025-10-08T05:50:23.894671,50.60787346838833,85.0,0.3
2025-10-08T05:50:24.972644,50.61839868326658,85.0,0.3
2025-10-08T05:50:26.053345,50.61839868326658,85.0,0.3
2025-10-08T05:50:27.131912,50.62624522037439,85.0,0.3
2025-10-08T05:50:28.219721,50.635990255535496,85.0,0.3
2025-10-08T05:50:29.301068,50.65046549421878,85.0,0.3
2025-10-08T05:50:30.384804,50.6681537145893,85.0,0.3
2025-10-08T05:50:31.473410,50.684583694266294,85.0,0.3
2025-10-08T05:50:32.556255,50.69644103155994,85.0,0.3
2025-10-08T05:50:33.638162,50.704615391099864,85.0,0.3
2025-10-08T05:50:34.718752,50.71338255027752,85.0,0.3
2025-10-08T05:50:35.801961,50.72647326923129,85.0,0.3
2025-10-08T05:50:36.888726,50.7436432471805,85.0,0.3
2025-10-08T05:50:37.979248,50.760897731436536,85.0,0.3
2025-10-08T05:50:39.059334,50.774164274602015,85.0,0.3
2025-10-08T05:50:40.143178,50.78303692392688,85.0,0.3
2025-10-08T05:50:41.224336,50.79114945239465,85.0,0.3
2025-10-08T05:50:42.304192,50.80283448459938,85.0,0.3
2025-10-08T05:50:43.387631,50.81914010167481,85.0,0.3
2025-10-08T05:50:44.472060,50.836866240333485,85.0,0.3
2025-10-08T05:50:45.556565,50.85150681629537,85.0,0.3
2025-10-08T05:50:46.635050,50.86139259739407,85.0,0.3
2025-10-08T05:50:47.717236,50.86922588793254,85.0,0.3
2025-10-08T05:50:48.800379,50.879596042569254,85.0,0.3
2025-10-08T05:50:49.879044,50.894760034810126,85.0,0.3
2025-10-08T05:50:50.956025,50.91256740597571,85.0,0.3
2025-10-08T05:50:52.039857,50.92843738699374,85.0,0.3
2025-10-08T05:50:53.120660,50.9395704363589,85.0,0.3
2025-10-08T05:50:54.202159,50.94752212568202,85.0,0.3
2025-10-08T05:50:55.285643,50.95677295432501,85.0,0.3
2025-10-08T05:50:56.372160,50.97060899895036,85.0,0.3
2025-10-08T05:50:57.459057,50.9881007097922,85.0,0.3
2025-10-08T05:50:58.544993,51.00495753442418,85.0,0.3
2025-10-08T05:50:59.632507,51.01747263187337,85.0,0.3
2025-10-08T05:51:00.710587,51.0259309251158,85.0,0.3
2025-10-08T05:51:01.800491,51.03434714420627,85.0,0.3
2025-10-08T05:51:02.890109,51.04677470198088,85.0,0.3
2025-10-08T05:51:03.972722,51.06357900498875,85.0,0.3
2025-10-08T05:51:05.051632,51.06357900498875,85.0,0.3
2025-10-08T05:51:06.136788,51.08110150039595,85.0,0.3
2025-10-08T05:51:07.217165,51.09502333258871,85.0,0.3
2025-10-08T05:51:08.301176,51.10433607910731,85.0,0.3
2025-10-08T05:51:09.400975,51.11226888960497,85.0,0.3
2025-10-08T05:51:10.483127,51.12331962054865,85.0,0.3
2025-10-08T05:51:11.564107,51.13911952672628,85.0,0.3
2025-10-08T05:51:12.642778,51.15693349311763,85.0,0.3
2025-10-08T05:51:13.721242,51.172174687030285,85.0,0.3
2025-10-08T05:51:14.799764,51.18262167092381,85.0,0.3
2025-10-08T05:51:15.881470,51.19046078183971,85.0,0.3
2025-10-08T05:51:16.962418,51.2002760232083,85.0,0.3
2025-10-08T05:51:18.046515,51.21483455323509,85.0,0.3
2025-10-08T05:51:19.126981,51.23254257240803,85.0,0.3
2025-10-08T05:51:20.206059,51.24891065541871,85.0,0.3
2025-10-08T05:51:21.293820,51.26068130808689,85.0,0.3
2025-10-08T05:51:22.379704,51.26882389248706,85.0,0.3
2025-10-08T05:51:23.461885,51.27764339992765,85.0,0.3
2025-10-08T05:51:24.546655,51.2908224617955,85.0,0.3
2025-10-08T05:51:25.633012,51.30803555524215,85.0,0.3
2025-10-08T05:51:26.724022,51.32524828738948,85.0,0.3
2025-10-08T05:51:27.807135,51.3384265975363,85.0,0.3
2025-10-08T05:51:28.886488,51.34724565396299,85.0,0.3
2025-10-08T05:51:29.967652,51.35538850271651,85.0,0.3
2025-10-08T05:51:31.049906,51.367159892060016,85.0,0.3
2025-10-08T05:51:32.130743,51.38352850677212,85.0,0.3
2025-10-08T05:51:33.208255,51.40123636382874,85.0,0.3
2025-10-08T05:51:34.285217,51.41579418697046,85.0,0.3
2025-10-08T05:51:35.363080,51.42560882659211,85.0,0.3
2025-10-08T05:51:36.442566,51.43344799414256,85.0,0.3
2025-10-08T05:51:37.518349,51.44389564098258,85.0,0.3
2025-10-08T05:51:38.596973,51.459137494643734,85.0,0.3
2025-10-08T05:51:39.674984,51.47695151101584,85.0,0.3
2025-10-08T05:51:40.752643,51.49275081145442,85.0,0.3
2025-10-08T05:51:41.829113,51.50380083785293,85.0,0.3
2025-10-08T05:51:42.912931,51.511733492754864,85.0,0.3
2025-10-08T05:51:43.991337,51.511733492754864,85.0,0.3
2025-10-08T05:51:45.080294,51.521046775681185,85.0,0.3
2025-10-08T05:51:46.167489,51.53496934311431,85.0,0.3
2025-10-08T05:51:47.256982,51.552492096617925,85.0,0.3
2025-10-08T05:51:48.342701,51.5692959432856,85.0,0.3
2025-10-08T05:51:49.428662,51.58172274984047,85.0,0.3
2025-10-08T05:51:50.508017,51.59013861349963,85.0,0.3
2025-10-08T05:51:51.590470,51.59859727388108,85.0,0.3
2025-10-08T05:51:52.675240,51.61111312349371,85.0,0.3
2025-10-08T05:51:53.759144,51.62797039377795,85.0,0.3
2025-10-08T05:51:54.843142,51.64546183403024,85.0,0.3
2025-10-08T05:51:55.932071,51.65929714060302,85.0,0.3
2025-10-08T05:51:57.013747,51.66854744229254,85.0,0.3
2025-10-08T05:51:58.100740,51.67649930023989,85.0,0.3
2025-10-08T05:51:59.187844,51.68763305877463,85.0,0.3
2025-10-08T05:52:00.273362,51.70350363750036,85.0,0.3
2025-10-08T05:52:01.355510,51.72131094538205,85.0,0.3
2025-10-08T05:52:02.437423,51.73647427153037,85.0,0.3
2025-10-08T05:52:03.521241,51.74684376966829,85.0,0.3
2025-10-08T05:52:04.598458,51.75467701688368,85.0,0.3
2025-10-08T05:52:05.680155,51.76456340766608,85.0,0.3
2025-10-08T05:52:06.761636,51.77920468577804,85.0,0.3
2025-10-08T05:52:07.841090,51.79693097349964,85.0,0.3
2025-10-08T05:52:08.921665,51.81323604950308,85.0,0.3
2025-10-08T05:52:10.001641,51.82492034796,85.0,0.3
2025-10-08T05:52:11.076782,51.83303262460849,85.0,0.3
2025-10-08T05:52:12.153606,51.8419057355641,85.0,0.3
2025-10-08T05:52:13.230881,51.85517302938917,85.0,0.3
2025-10-08T05:52:14.307752,51.87242786318068,85.0,0.3
2025-10-08T05:52:15.382218,51.88959746817994,85.0,0.3
2025-10-08T05:52:16.464621,51.90268743458681,85.0,0.3
2025-10-08T05:52:17.544644,51.91145415350877,85.0,0.3
2025-10-08T05:52:18.625677,51.91962878985325,85.0,0.3
2025-10-08T05:52:19.703989,51.93148686651889,85.0,0.3
2025-10-08T05:52:20.782965,51.93148686651889,85.0,0.3
2025-10-08T05:52:21.866213,51.9479173683601,85.0,0.3
2025-10-08T05:52:22.951032,51.96560541361171,85.0,0.3
2025-10-08T05:52:24.041914,51.98007994089646,85.0,0.3
2025-10-08T05:52:25.137619,51.98982438243594,85.0,0.3
2025-10-08T05:52:26.227203,51.99767098947204,85.0,0.3
2025-10-08T05:52:27.313357,52.008196873536725,85.0,0.3
2025-10-08T05:52:28.405936,52.02351583121801,85.0,0.3
2025-10-08T05:52:29.499576,52.0413349293252,85.0,0.3
2025-10-08T05:52:30.589354,52.05706261709001,85.0,0.3
2025-10-08T05:52:31.680199,52.0680301767679,85.0,0.3
2025-10-08T05:52:32.770629,52.07594533042499,85.0,0.3
2025-10-08T05:52:33.860819,52.08532216814604,85.0,0.3
2025-10-08T05:52:34.950923,52.0993309144283,85.0,0.3
2025-10-08T05:52:36.047285,52.116883238398984,85.0,0.3
2025-10-08T05:52:37.139993,52.13363286020062,85.0,0.3
2025-10-08T05:52:38.229700,52.1459715006481,85.0,0.3
2025-10-08T05:52:39.317626,52.154346316471056,85.0,0.3
2025-10-08T05:52:40.404252,52.16284878647878,85.0,0.3
2025-10-08T05:52:41.491692,52.17545302481181,85.0,0.3
2025-10-08T05:52:42.576060,52.19236199872866,85.0,0.3
2025-10-08T05:52:43.666079,52.20982092144439,85.0,0.3
2025-10-08T05:52:44.752767,52.22356938578459,85.0,0.3
2025-10-08T05:52:45.838390,52.232758362893655,85.0,0.3
2025-10-08T05:52:46.927249,52.24073079544913,85.0,0.3
2025-10-08T05:52:48.021239,52.25194811158075,85.0,0.3
2025-10-08T05:52:49.112102,52.26788840842289,85.0,0.3
2025-10-08T05:52:50.201757,52.285687496425815,85.0,0.3
2025-10-08T05:52:51.287292,52.300772222018814,85.0,0.3
2025-10-08T05:52:52.375168,52.311065003912944,85.0,0.3
2025-10-08T05:52:53.465434,52.31889395175682,85.0,0.3
2025-10-08T05:52:54.558155,52.328852412862304,85.0,0.3
2025-10-08T05:52:55.646532,52.328852412862304,85.0,0.3
2025-10-08T05:52:56.736981,52.34357586986929,85.0,0.3
2025-10-08T05:52:57.825764,52.36131889016074,85.0,0.3
2025-10-08T05:52:58.916516,52.37755986856131,85.0,0.3
2025-10-08T05:53:00.006488,52.3891581702831,85.0,0.3
2025-10-08T05:53:01.093338,52.3972416160659,85.0,0.3
2025-10-08T05:53:02.181528,52.4061695689902,85.0,0.3
2025-10-08T05:53:03.263330,52.41952495616525,85.0,0.3
2025-10-08T05:53:04.346370,52.43682014206831,85.0,0.3
2025-10-08T05:53:05.425906,52.45394525839544,85.0,0.3
2025-10-08T05:53:06.505477,52.46694679802647,85.0,0.3
2025-10-08T05:53:07.588482,52.47566245123879,85.0,0.3
2025-10-08T05:53:08.674689,52.483870332517775,85.0,0.3
2025-10-08T05:53:09.758899,52.49581539952259,85.0,0.3
2025-10-08T05:53:10.839512,52.512306658591,85.0,0.3
2025-10-08T05:53:11.923450,52.52997336804332,85.0,0.3
2025-10-08T05:53:13.006678,52.54436408253778,85.0,0.3
2025-10-08T05:53:14.089453,52.55403929138884,85.0,0.3
2025-10-08T05:53:15.167678,52.56189489805283,85.0,0.3
2025-10-08T05:53:16.251664,52.57249973984534,85.0,0.3
2025-10-08T05:53:17.335518,52.58789501998356,85.0,0.3
2025-10-08T05:53:18.418782,52.60571763476187,85.0,0.3
2025-10-08T05:53:19.505755,52.62137280020076,85.0,0.3
2025-10-08T05:53:20.590138,52.6322584752477,85.0,0.3
2025-10-08T05:53:21.673063,52.64015766632088,85.0,0.3
2025-10-08T05:53:22.755703,52.64959913943108,85.0,0.3
2025-10-08T05:53:23.839712,52.663693693596855,85.0,0.3
2025-10-08T05:53:24.921673,52.68127410657304,85.0,0.3
2025-10-08T05:53:26.001692,52.69796827360004,85.0,0.3
2025-10-08T05:53:27.081271,52.710218900356814,85.0,0.3
2025-10-08T05:53:28.159202,52.718554062954325,85.0,0.3
2025-10-08T05:53:29.236279,52.72710169719448,85.0,0.3
2025-10-08T05:53:30.312730,52.73979439343079,85.0,0.3
2025-10-08T05:53:31.390847,52.75675379113345,85.0,0.3
2025-10-08T05:53:32.471881,52.77417874412138,85.0,0.3
2025-10-08T05:53:33.566045,52.787840076831245,85.0,0.3
2025-10-08T05:53:34.651645,52.787840076831245,85.0,0.3
2025-10-08T05:53:35.735437,52.79696886882655,85.0,0.3
2025-10-08T05:53:36.825129,52.80496339670087,85.0,0.3
2025-10-08T05:53:37.915772,52.81626477424969,85.0,0.3
2025-10-08T05:53:38.999267,52.832273812928086,85.0,0.3
2025-10-08T05:53:40.079733,52.85006312225909,85.0,0.3
2025-10-08T05:53:41.159510,52.86506853913785,85.0,0.3
2025-10-08T05:53:42.238352,52.87528539834155,85.0,0.3
2025-10-08T05:53:43.317662,52.88311161249025,85.0,0.3
2025-10-08T05:53:44.397667,52.89314304224254,85.0,0.3
2025-10-08T05:53:45.474623,52.90794808320097,85.0,0.3
2025-10-08T05:53:46.556602,52.92570629483978,85.0,0.3
2025-10-08T05:53:47.636530,52.94188210512892,85.0,0.3
2025-10-08T05:53:48.715076,52.95339479454161,85.0,0.3
2025-10-08T05:53:49.795349,52.96145089537979,85.0,0.3
2025-10-08T05:53:50.876174,52.97043491153994,85.0,0.3
2025-10-08T05:53:51.958918,52.9838782258508,85.0,0.3
2025-10-08T05:53:53.042789,53.00121236298648,85.0,0.3
2025-10-08T05:53:54.127051,53.01829164305938,85.0,0.3
2025-10-08T05:53:55.206494,53.031204700590095,85.0,0.3
2025-10-08T05:53:56.283957,53.03987057589099,85.0,0.3
2025-10-08T05:53:57.361477,53.04811314902963,85.0,0.3
2025-10-08T05:53:58.440367,53.060145482129414,85.0,0.3
2025-10-08T05:53:59.521827,53.07669634948282,85.0,0.3
2025-10-08T05:54:00.597983,53.094340205827855,85.0,0.3
2025-10-08T05:54:01.674933,53.10864661686419,85.0,0.3
2025-10-08T05:54:02.753525,53.11825358011689,85.0,0.3
2025-10-08T05:54:03.831463,53.1261197437307,85.0,0.3
2025-10-08T05:54:04.913072,53.136804239010225,85.0,0.3
2025-10-08T05:54:05.989623,53.15227503612404,85.0,0.3
2025-10-08T05:54:07.072282,53.170099601407415,85.0,0.3
2025-10-08T05:54:08.159858,53.18568135759549,85.0,0.3
2025-10-08T05:54:09.243721,53.19648575576238,85.0,0.3
2025-10-08T05:54:10.327691,53.20437052791497,85.0,0.3
2025-10-08T05:54:11.412292,53.21387769675313,85.0,0.3
2025-10-08T05:54:12.491401,53.21387769675313,85.0,0.3
2025-10-08T05:54:13.574355,53.2280576609461,85.0,0.3
2025-10-08T05:54:14.659469,53.2456646726636,85.0,0.3
2025-10-08T05:54:15.739877,53.26230217238594,85.0,0.3
2025-10-08T05:54:16.819633,53.27446496545064,85.0,0.3
2025-10-08T05:54:17.902068,53.2827618818601,85.0,0.3
2025-10-08T05:54:18.980148,53.29135602078512,85.0,0.3
2025-10-08T05:54:20.063428,53.30413721638644,85.0,0.3
2025-10-08T05:54:21.154209,53.32114574222618,85.0,0.3
2025-10-08T05:54:22.233413,53.3385352839406,85.0,0.3
2025-10-08T05:54:23.316628,53.35210922292793,85.0,0.3
2025-10-08T05:54:24.400118,53.36117898813712,85.0,0.3
2025-10-08T05:54:25.481110,53.36919712511669,85.0,0.3
2025-10-08T05:54:26.563421,53.38058304155964,85.0,0.3
2025-10-08T05:54:27.644878,53.39665982425164,85.0,0.3
2025-10-08T05:54:28.725635,53.41443779918204,85.0,0.3
2025-10-08T05:54:29.801633,53.42936322404164,85.0,0.3
2025-10-08T05:54:30.879865,53.43950497790113,85.0,0.3
2025-10-08T05:54:31.966102,53.44733002488768,85.0,0.3
2025-10-08T05:54:33.045661,53.457435298743384,85.0,0.3
2025-10-08T05:54:34.123319,53.47232130314266,85.0,0.3
2025-10-08T05:54:35.207628,53.49009316014561,85.0,0.3
2025-10-08T05:54:36.296102,53.506202752237336,85.0,0.3
2025-10-08T05:54:37.384379,53.51763024059637,85.0,0.3
2025-10-08T05:54:38.471988,53.525660490980464,85.0,0.3
2025-10-08T05:54:39.555801,53.53470177407437,85.0,0.3
2025-10-08T05:54:40.636899,53.54823282175204,85.0,0.3
2025-10-08T05:54:41.716715,53.565604497034734,85.0,0.3
2025-10-08T05:54:42.794871,53.582636607635614,85.0,0.3
2025-10-08T05:54:43.872731,53.59546115547031,85.0,0.3
2025-10-08T05:54:44.955536,53.60407855625752,85.0,0.3
2025-10-08T05:54:46.033189,53.61235725730914,85.0,0.3
2025-10-08T05:54:47.111410,53.62447710491198,85.0,0.3
2025-10-08T05:54:48.189155,53.64108641292801,85.0,0.3
2025-10-08T05:54:49.268014,53.65870590601953,85.0,0.3
2025-10-08T05:54:50.346923,53.65870590601953,85.0,0.3
2025-10-08T05:54:51.430003,53.672927549349126,85.0,0.3
2025-10-08T05:54:52.517551,53.682467275480526,85.0,0.3
2025-10-08T05:54:53.605226,53.69034555005771,85.0,0.3
2025-10-08T05:54:54.689596,53.70111036962141,85.0,0.3
2025-10-08T05:54:55.776152,53.71665585456376,85.0,0.3
2025-10-08T05:54:56.867608,53.734480803574925,85.0,0.3
2025-10-08T05:54:57.954142,53.74998828659248,85.0,0.3
2025-10-08T05:54:59.041983,53.760712041101,85.0,0.3
2025-10-08T05:55:00.126116,53.76858394251496,85.0,0.3
2025-10-08T05:55:01.214827,53.77815784683198,85.0,0.3
2025-10-08T05:55:02.302045,53.79242279642981,85.0,0.3
2025-10-08T05:55:03.388537,53.81005490828887,85.0,0.3
2025-10-08T05:55:04.474958,53.82663454593507,85.0,0.3
2025-10-08T05:55:05.559876,53.8387097128319,85.0,0.3
2025-10-08T05:55:06.645535,53.84696980207638,85.0,0.3
2025-10-08T05:55:07.727619,53.85561177156497,85.0,0.3
2025-10-08T05:55:08.816017,53.86848148025883,85.0,0.3
2025-10-08T05:55:09.903787,53.88553782319101,85.0,0.3
2025-10-08T05:55:10.986274,53.9028905231835,85.0,0.3
2025-10-08T05:55:12.067356,53.91637683374377,85.0,0.3
2025-10-08T05:55:13.145562,53.92538874899249,85.0,0.3
2025-10-08T05:55:14.222637,53.93343200146505,85.0,0.3
2025-10-08T05:55:15.298597,53.94490290778602,85.0,0.3
2025-10-08T05:55:16.378186,53.96104641543918,85.0,0.3
2025-10-08T05:55:17.468591,53.978811503792286,85.0,0.3
2025-10-08T05:55:18.555585,53.99365627839589,85.0,0.3
2025-10-08T05:55:19.644258,54.0037237677941,85.0,0.3
2025-10-08T05:55:20.730750,54.01154921451729,85.0,0.3
2025-10-08T05:55:21.811074,54.02172918479154,85.0,0.3
2025-10-08T05:55:22.895755,54.03669550674852,85.0,0.3
2025-10-08T05:55:23.978672,54.0544794588562,85.0,0.3
2025-10-08T05:55:25.057655,54.07052180341616,85.0,0.3
2025-10-08T05:55:26.135333,54.08186452867752,85.0,0.3
2025-10-08T05:55:27.214430,54.08987043119913,85.0,0.3
2025-10-08T05:55:28.292966,54.08987043119913,85.0,0.3
2025-10-08T05:55:29.378497,54.09897016697822,85.0,0.3
2025-10-08T05:55:30.463791,54.11258872675956,85.0,0.3
2025-10-08T05:55:31.548351,54.12999651533988,85.0,0.3
2025-10-08T05:55:32.636621,54.14698013803305,85.0,0.3
2025-10-08T05:55:33.723874,54.15971617631344,85.0,0.3
2025-10-08T05:55:34.807188,54.16828642117579,85.0,0.3
2025-10-08T05:55:35.897079,54.17660267487186,85.0,0.3
2025-10-08T05:55:36.978846,54.18881025796033,85.0,0.3
2025-10-08T05:55:38.066826,54.205476820702295,85.0,0.3
2025-10-08T05:55:39.150012,54.22307044802908,85.0,0.3
2025-10-08T05:55:40.233441,54.23720688596808,85.0,0.3
2025-10-08T05:55:41.317375,54.24668040452619,85.0,0.3
2025-10-08T05:55:42.404281,54.25457234028493,85.0,0.3
2025-10-08T05:55:43.480557,54.26541812975773,85.0,0.3
2025-10-08T05:55:44.567236,54.28103744997569,85.0,0.3
2025-10-08T05:55:45.658580,54.29886121581709,85.0,0.3
2025-10-08T05:55:46.744181,54.31429358502034,85.0,0.3
2025-10-08T05:55:47.833725,54.324937354364465,85.0,0.3
2025-10-08T05:55:48.918065,54.33279793725522,85.0,0.3
2025-10-08T05:55:50.001377,54.34243959588827,85.0,0.3
2025-10-08T05:55:51.082612,54.356789079635654,85.0,0.3
2025-10-08T05:55:52.161484,54.37444478517055,85.0,0.3
2025-10-08T05:55:53.242023,54.39096538410212,85.0,0.3
2025-10-08T05:55:54.326591,54.4029531598158,85.0,0.3
2025-10-08T05:55:55.411342,54.41117785245939,85.0,0.3
2025-10-08T05:55:56.497550,54.41986896340096,85.0,0.3
2025-10-08T05:55:57.587154,54.43282717117643,85.0,0.3
2025-10-08T05:55:58.673547,54.44993000517135,85.0,0.3
2025-10-08T05:55:59.750986,54.46724444453904,85.0,0.3
2025-10-08T05:56:00.829992,54.48064291942895,85.0,0.3
2025-10-08T05:56:01.909386,54.489598179672015,85.0,0.3
2025-10-08T05:56:02.987535,54.497668046154544,85.0,0.3
2025-10-08T05:56:04.068011,54.50922436670307,85.0,0.3
2025-10-08T05:56:05.149163,54.52543355935448,85.0,0.3
2025-10-08T05:56:06.235128,54.52543355935448,85.0,0.3
2025-10-08T05:56:07.320534,54.54318421299206,85.0,0.3
2025-10-08T05:56:08.407462,54.55794770437724,85.0,0.3
2025-10-08T05:56:09.490653,54.567941793470304,85.0,0.3
2025-10-08T05:56:10.575514,54.57576920670367,85.0,0.3
2025-10-08T05:56:11.657677,54.58602470230304,85.0,0.3
2025-10-08T05:56:12.739364,54.60107067076447,85.0,0.3
2025-10-08T05:56:13.820016,54.61886516392705,85.0,0.3
2025-10-08T05:56:14.902739,54.634839252695095,85.0,0.3
2025-10-08T05:56:15.984607,54.64609767937803,85.0,0.3
2025-10-08T05:56:17.063787,54.65408074425895,85.0,0.3
2025-10-08T05:56:18.145343,54.6632401001566,85.0,0.3
2025-10-08T05:56:19.226979,54.6769459233537,85.0,0.3
2025-10-08T05:56:20.305958,54.69438838906496,85.0,0.3
2025-10-08T05:56:21.387448,54.71132222060998,85.0,0.3
2025-10-08T05:56:22.467525,54.72396977721512,85.0,0.3
2025-10-08T05:56:23.545723,54.73249419951928,85.0,0.3
2025-10-08T05:56:24.624355,54.7408494188229,85.0,0.3
2025-10-08T05:56:25.702858,54.75314493088477,85.0,0.3
2025-10-08T05:56:26.788693,54.76986754447336,85.0,0.3
2025-10-08T05:56:27.872020,54.78743381163007,85.0,0.3
2025-10-08T05:56:28.951122,54.80148463319651,85.0,0.3
2025-10-08T05:56:30.029189,54.81089299447765,85.0,0.3
2025-10-08T05:56:31.108714,54.81880013735498,85.0,0.3
2025-10-08T05:56:32.192640,54.82972751698721,85.0,0.3
2025-10-08T05:56:33.275956,54.84541979678916,85.0,0.3
2025-10-08T05:56:34.357976,54.86324081293404,85.0,0.3
2025-10-08T05:56:35.451766,54.878597251218565,85.0,0.3
2025-10-08T05:56:36.540340,54.88916171895826,85.0,0.3
2025-10-08T05:56:37.618371,54.89701253908828,85.0,0.3
2025-10-08T05:56:38.696645,54.90672294964147,85.0,0.3
2025-10-08T05:56:39.779452,54.92115648979157,85.0,0.3
2025-10-08T05:56:40.861027,54.93883427514274,85.0,0.3
2025-10-08T05:56:41.944462,54.95529467722288,85.0,0.3
2025-10-08T05:56:43.033555,54.96719532412503,85.0,0.3
2025-10-08T05:56:44.118351,54.97538606182448,85.0,0.3
2025-10-08T05:56:45.203767,54.97538606182448,85.0,0.3
2025-10-08T05:56:46.287000,54.98412760970836,85.0,0.3
2025-10-08T05:56:47.376467,54.99717427482042,85.0,0.3
2025-10-08T05:56:48.460536,55.01432225927891,85.0,0.3
2025-10-08T05:56:49.540111,55.03159703110914,85.0,0.3
2025-10-08T05:56:50.620706,55.044907490611585,85.0,0.3
2025-10-08T05:56:51.700260,55.053807308558504,85.0,0.3
2025-10-08T05:56:52.784430,55.0619052792276,85.0,0.3
2025-10-08T05:56:53.868474,55.07354741158589,85.0,0.3
2025-10-08T05:56:54.952268,55.089821228688095,85.0,0.3
2025-10-08T05:56:56.031450,55.10755590399548,85.0,0.3
2025-10-08T05:56:57.112169,55.12223750467257,85.0,0.3
2025-10-08T05:56:58.192720,55.132159080619,85.0,0.3
2025-10-08T05:56:59.275495,55.1399900265198,85.0,0.3
2025-10-08T05:57:00.361338,55.15032185268252,85.0,0.3
2025-10-08T05:57:01.442633,55.16544677163529,85.0,0.3
2025-10-08T05:57:02.520065,55.18325024849956,85.0,0.3
2025-10-08T05:57:03.599950,55.19915509460574,85.0,0.3
2025-10-08T05:57:04.677359,55.21032971364725,85.0,0.3
2025-10-08T05:57:05.755446,55.2182914582662,85.0,0.3
2025-10-08T05:57:06.833333,55.22751158303189,85.0,0.3
2025-10-08T05:57:07.914352,55.24130439361,85.0,0.3
2025-10-08T05:57:08.998905,55.25878008941832,85.0,0.3
2025-10-08T05:57:10.078160,55.275662842178455,85.0,0.3
2025-10-08T05:57:11.157474,55.28822197271603,85.0,0.3
2025-10-08T05:57:12.236183,55.29670192018868,85.0,0.3
2025-10-08T05:57:13.315602,55.30509750585181,85.0,0.3
2025-10-08T05:57:14.394773,55.31748111281945,85.0,0.3
2025-10-08T05:57:15.473007,55.33425855580996,85.0,0.3
2025-10-08T05:57:16.551388,55.35179597696549,85.0,0.3
2025-10-08T05:57:17.630633,55.36576079800809,85.0,0.3
2025-10-08T05:57:18.713474,55.37510507272774,85.0,0.3
2025-10-08T05:57:19.801490,55.383028963895015,85.0,0.3
2025-10-08T05:57:20.892433,55.39403852836809,85.0,0.3
2025-10-08T05:57:21.977002,55.40980286919812,85.0,0.3
2025-10-08T05:57:23.059946,55.40980286919812,85.0,0.3
2025-10-08T05:57:24.145013,55.42761956998143,85.0,0.3
2025-10-08T05:57:25.226052,55.442899284038255,85.0,0.3
2025-10-08T05:57:26.316263,55.45338515858524,85.0,0.3
2025-10-08T05:57:27.401705,55.46122777477646,85.0,0.3
2025-10-08T05:57:28.480328,55.47100791330826,85.0,0.3
2025-10-08T05:57:29.560821,55.48552500577241,85.0,0.3
2025-10-08T05:57:30.648768,55.50322335016085,85.0,0.3
2025-10-08T05:57:31.739648,55.51962241611743,85.0,0.3
2025-10-08T05:57:32.828057,55.53143622388432,85.0,0.3
2025-10-08T05:57:33.916918,55.53959445893729,85.0,0.3
2025-10-08T05:57:35.006130,55.548387723446744,85.0,0.3
2025-10-08T05:57:36.089373,55.5615227764294,85.0,0.3
2025-10-08T05:57:37.173010,55.57871455660288,85.0,0.3
2025-10-08T05:57:38.261090,55.595948266414126,85.0,0.3
2025-10-08T05:57:39.358582,55.60917055839449,85.0,0.3
2025-10-08T05:57:40.453062,55.61801616412943,85.0,0.3
2025-10-08T05:57:41.548967,55.62614372035433,85.0,0.3
2025-10-08T05:57:42.641840,55.63787203521264,85.0,0.3
2025-10-08T05:57:43.734000,55.65420939596601,85.0,0.3
2025-10-08T05:57:44.825253,55.67192655433587,85.0,0.3
2025-10-08T05:57:45.911663,55.68652568247832,85.0,0.3
2025-10-08T05:57:47.001370,55.69637565516099,85.0,0.3
2025-10-08T05:57:48.082836,55.7042116987794,85.0,0.3
2025-10-08T05:57:49.167357,55.71462063682304,85.0,0.3
2025-10-08T05:57:50.254038,55.72982378551234,85.0,0.3
2025-10-08T05:57:51.343651,55.74763468590975,85.0,0.3
2025-10-08T05:57:52.428629,55.76346932418357,85.0,0.3
2025-10-08T05:57:53.506568,55.774560652784494,85.0,0.3
2025-10-08T05:57:54.587347,55.78250260120161,85.0,0.3
2025-10-08T05:57:55.667904,55.79178462454087,85.0,0.3
2025-10-08T05:57:56.751063,55.80566411920489,85.0,0.3
2025-10-08T05:57:57.838210,55.82317158766262,85.0,0.3
2025-10-08T05:57:58.926511,55.84000199000833,85.0,0.3
2025-10-08T05:58:00.012754,55.85247277779724,85.0,0.3
2025-10-08T05:58:01.094669,55.86090961210268,85.0,0.3
2025-10-08T05:58:02.178394,55.86090961210268,85.0,0.3
2025-10-08T05:58:03.261791,55.869346952227176,85.0,0.3
2025-10-08T05:58:04.350336,55.88181879242553,85.0,0.3
2025-10-08T05:58:05.433803,55.89864982619069,85.0,0.3
2025-10-08T05:58:06.517523,55.91615692455375,85.0,0.3
2025-10-08T05:58:07.601056,55.93003538787231,85.0,0.3
2025-10-08T05:58:08.684492,55.939316666829576,85.0,0.3
2025-10-08T05:58:09.763990,55.94725884220954,85.0,0.3
2025-10-08T05:58:10.845975,55.95835116044956,85.0,0.3
2025-10-08T05:58:11.928205,55.97418664116909,85.0,0.3
2025-10-08T05:58:13.013326,55.99199746227814,85.0,0.3
2025-10-08T05:58:14.093077,56.00719968284234,85.0,0.3
2025-10-08T05:58:15.174104,56.01760769723809,85.0,0.3
2025-10-08T05:58:16.254378,56.02544367088343,85.0,0.3
2025-10-08T05:58:17.338234,56.03529449160077,85.0,0.3
2025-10-08T05:58:18.423971,56.04989460610646,85.0,0.3
2025-10-08T05:58:19.509609,56.06761198231033,85.0,0.3
2025-10-08T05:58:20.588868,56.083948592092895,85.0,0.3
2025-10-08T05:58:21.672635,56.09567587761468,85.0,0.3
2025-10-08T05:58:22.752690,56.10380307250459,85.0,0.3
2025-10-08T05:58:23.833151,56.1126493171158,85.0,0.3
2025-10-08T05:58:24.912359,56.1258726608038,85.0,0.3
2025-10-08T05:58:25.994657,56.143106868218894,85.0,0.3
2025-10-08T05:58:27.073831,56.16029813439775,85.0,0.3
2025-10-08T05:58:28.151756,56.17343213435159,85.0,0.3
2025-10-08T05:58:29.229550,56.18222477494789,85.0,0.3
2025-10-08T05:58:30.314209,56.19038338882623,85.0,0.3
2025-10-08T05:58:31.405213,56.20219822986672,85.0,0.3
2025-10-08T05:58:32.493566,56.218598033558145,85.0,0.3
2025-10-08T05:58:33.582109,56.236296141872664,85.0,0.3
2025-10-08T05:58:34.677173,56.2508122414994,85.0,0.3
2025-10-08T05:58:35.770912,56.26059154324044,85.0,0.3
2025-10-08T05:58:36.856139,56.26843424802911,85.0,0.3
2025-10-08T05:58:37.942266,56.27892105510569,85.0,0.3
2025-10-08T05:58:39.027150,56.27892105510569,85.0,0.3
2025-10-08T05:58:40.116510,56.29420168826084,85.0,0.3
2025-10-08T05:58:41.207223,56.31201844969645,85.0,0.3
2025-10-08T05:58:42.292785,56.32778193696932,85.0,0.3
2025-10-08T05:58:43.375051,56.3387905184323,85.0,0.3
2025-10-08T05:58:44.464398,56.34671420091148,85.0,0.3
2025-10-08T05:58:45.550868,56.35605923313192,85.0,0.3
2025-10-08T05:58:46.632396,56.37002508142146,85.0,0.3
2025-10-08T05:58:47.713512,56.38756285512398,85.0,0.3
2025-10-08T05:58:48.793768,56.40433965183146,85.0,0.3
2025-10-08T05:58:49.872565,56.41672220787568,85.0,0.3
2025-10-08T05:58:50.963649,56.42511730418916,85.0,0.3
2025-10-08T05:58:52.052915,56.43359777379173,85.0,0.3
2025-10-08T05:58:53.132707,56.44615795789497,85.0,0.3
2025-10-08T05:58:54.216897,56.463041327013094,85.0,0.3
2025-10-08T05:58:55.307699,56.48051663529503,85.0,0.3
2025-10-08T05:58:56.396496,56.49430841075236,85.0,0.3
2025-10-08T05:58:57.485045,56.50352780448813,85.0,0.3
2025-10-08T05:58:58.570147,56.511489794273565,85.0,0.3
2025-10-08T05:58:59.655617,56.52266540927302,85.0,0.3
2025-10-08T05:59:00.751368,56.53857108644946,85.0,0.3
2025-10-08T05:59:01.843997,56.55637446541414,85.0,0.3
2025-10-08T05:59:02.929481,56.5714984475059,85.0,0.3
2025-10-08T05:59:04.012378,56.58182935919188,85.0,0.3
2025-10-08T05:59:05.096225,56.58966025376591,85.0,0.3
2025-10-08T05:59:06.177181,56.59958268872513,85.0,0.3
2025-10-08T05:59:07.255477,56.61426526898217,85.0,0.3
2025-10-08T05:59:08.334583,56.63200014381538,85.0,0.3
2025-10-08T05:59:09.421144,56.64827319694616,85.0,0.3
2025-10-08T05:59:10.509719,56.65991430422757,85.0,0.3
2025-10-08T05:59:11.591780,56.668011931165296,85.0,0.3
2025-10-08T05:59:12.672679,56.676912402751384,85.0,0.3
2025-10-08T05:59:13.758048,56.6902239123107,85.0,0.3
2025-10-08T05:59:14.849407,56.6902239123107,85.0,0.3
2025-10-08T05:59:15.942798,56.70749916519806,85.0,0.3
2025-10-08T05:59:17.031581,56.724646619432214,85.0,0.3
2025-10-08T05:59:18.121894,56.7376922305243,85.0,0.3
2025-10-08T05:59:19.208850,56.746433169653656,85.0,0.3
2025-10-08T05:59:20.298360,56.75462430355014,85.0,0.3
2025-10-08T05:59:21.387838,56.76652598733915,85.0,0.3
2025-10-08T05:59:22.480771,56.78298711368699,85.0,0.3
2025-10-08T05:59:23.578354,56.80066464479831,85.0,0.3
2025-10-08T05:59:24.678464,56.81509718594796,85.0,0.3
2025-10-08T05:59:25.770936,56.82480677121651,85.0,0.3
2025-10-08T05:59:26.850648,56.83265769854058,85.0,0.3
2025-10-08T05:59:27.932345,56.84322310739932,85.0,0.3
2025-10-08T05:59:29.009900,56.85858045546736,85.0,0.3
2025-10-08T05:59:30.096927,56.87640151360947,85.0,0.3
2025-10-08T05:59:31.183970,56.892092929010296,85.0,0.3
2025-10-08T05:59:32.276083,56.90301933256947,85.0,0.3
2025-10-08T05:59:33.366258,56.91092628509887,85.0,0.3
2025-10-08T05:59:34.449737,56.920335416762214,85.0,0.3
2025-10-08T05:59:35.533394,56.93438726115515,85.0,0.3
2025-10-08T05:59:36.614898,56.95195386320069,85.0,0.3
2025-10-08T05:59:37.694741,56.96867581584519,85.0,0.3
2025-10-08T05:59:38.774822,56.980970278799006,85.0,0.3
2025-10-08T05:59:39.855998,56.98932502537571,85.0,0.3
2025-10-08T05:59:40.939373,56.99784998595705,85.0,0.3
2025-10-08T05:59:42.020118,57.0104985969539,85.0,0.3
2025-10-08T05:59:43.104779,57.02743302960229,85.0,0.3
2025-10-08T05:59:44.198734,57.04487509047692,85.0,0.3
2025-10-08T05:59:45.287202,57.05857987510232,85.0,0.3
2025-10-08T05:59:46.366932,57.06773851355124,85.0,0.3
2025-10-08T05:59:47.450711,57.075721841725446,85.0,0.3
2025-10-08T05:59:48.532138,57.08698127037307,85.0,0.3
2025-10-08T05:59:49.610200,57.10295617857548,85.0,0.3
2025-10-08T05:59:50.693272,57.120750555257935,85.0,0.3
2025-10-08T05:59:51.773342,57.120750555257935,85.0,0.3
2025-10-08T05:59:52.852052,57.13579557841604,85.0,0.3
2025-10-08T05:59:53.937760,57.14605016899639,85.0,0.3
2025-10-08T05:59:55.022362,57.15387754956537,85.0,0.3
2025-10-08T05:59:56.120102,57.16387250838016,85.0,0.3
2025-10-08T05:59:57.208995,57.17863697225503,85.0,0.3
2025-10-08T05:59:58.294617,57.19638780704773,85.0,0.3
2025-10-08T05:59:59.378251,57.212596222966496,85.0,0.3
2025-10-08T06:00:00.463762,57.224151523019046,85.0,0.3
2025-10-08T06:00:01.542605,57.23222106348154,85.0,0.3
2025-10-08T06:00:02.622365,57.24117699192183,85.0,0.3
2025-10-08T06:00:03.702672,57.25457651488879,85.0,0.3
2025-10-08T06:00:04.782207,57.271891418616136,85.0,0.3
2025-10-08T06:00:05.869697,57.28899370632321,85.0,0.3
2025-10-08T06:00:06.959445,57.30195085941784,85.0,0.3
2025-10-08T06:00:08.043645,57.310641376954294,85.0,0.3
2025-10-08T06:00:09.124035,57.318866483042406,85.0,0.3
2025-10-08T06:00:10.201646,57.33085529893127,85.0,0.3
2025-10-08T06:00:11.281562,57.347376608436406,85.0,0.3
2025-10-08T06:00:12.359405,57.36503204164519,85.0,0.3
2025-10-08T06:00:13.450165,57.37938052054216,85.0,0.3
2025-10-08T06:00:14.543480,57.38902136565532,85.0,0.3
2025-10-08T06:00:15.625075,57.39688207430314,85.0,0.3
2025-10-08T06:00:16.707202,57.40752679306083,85.0,0.3
2025-10-08T06:00:17.786624,57.42296006244768,85.0,0.3
2025-10-08T06:00:18.869942,57.44078385161807,85.0,0.3
2025-10-08T06:00:19.955436,57.456402296861846,85.0,0.3
2025-10-08T06:00:21.037643,57.46724711750451,85.0,0.3
2025-10-08T06:00:22.113769,57.47513888131514,85.0,0.3
2025-10-08T06:00:23.196873,57.48461318289545,85.0,0.3
2025-10-08T06:00:24.280671,57.49875063891997,85.0,0.3
2025-10-08T06:00:25.361801,57.51634458337246,85.0,0.3
2025-10-08T06:00:26.444383,57.53301047071641,85.0,0.3
2025-10-08T06:00:27.519206,57.54521700684096,85.0,0.3
2025-10-08T06:00:28.599793,57.553532804581,85.0,0.3
2025-10-08T06:00:29.684147,57.56210360369909,85.0,0.3
2025-10-08T06:00:30.764055,57.56210360369909,85.0,0.3
2025-10-08T06:00:31.848605,57.57484069686681,85.0,0.3
2025-10-08T06:00:32.937373,57.59182490522035,85.0,0.3
2025-10-08T06:00:34.017070,57.60923227178064,85.0,0.3
2025-10-08T06:00:35.104673,57.622849789864816,85.0,0.3
2025-10-08T06:00:36.191437,57.63194882200117,85.0,0.3
2025-10-08T06:00:37.270677,57.63995500586036,85.0,0.3
2025-10-08T06:00:38.350367,57.65129873877913,85.0,0.3
2025-10-08T06:00:39.432035,57.66734189088076,85.0,0.3
2025-10-08T06:00:40.515451,57.68512570796428,85.0,0.3
2025-10-08T06:00:41.599557,57.70009107647186,85.0,0.3
2025-10-08T06:00:42.680928,57.71027015146844,85.0,0.3
2025-10-08T06:00:43.760900,57.71809558419987,85.0,0.3
2025-10-08T06:00:44.841126,57.72816395375618,85.0,0.3
2025-10-08T06:00:45.928269,57.74300969345445,85.0,0.3
2025-10-08T06:00:47.018448,57.7607749445352,85.0,0.3
2025-10-08T06:00:48.102911,57.77691766293793,85.0,0.3
2025-10-08T06:00:49.181754,57.78838755366361,85.0,0.3
2025-10-08T06:00:50.268004,57.79643049792964,85.0,0.3
2025-10-08T06:00:51.351723,57.80544309572425,85.0,0.3
2025-10-08T06:00:52.442602,57.81893045205328,85.0,0.3
2025-10-08T06:00:53.520399,57.83628359956244,85.0,0.3
2025-10-08T06:00:54.601622,57.853339380314424,85.0,0.3
2025-10-08T06:00:55.692148,57.866208033997104,85.0,0.3
2025-10-08T06:00:56.771623,57.87484942561595,85.0,0.3
2025-10-08T06:00:57.854943,57.88310994542289,85.0,0.3
2025-10-08T06:00:58.937833,57.895186155457246,85.0,0.3
2025-10-08T06:01:00.016469,57.91176648976021,85.0,0.3
2025-10-08T06:01:01.101287,57.929398311292246,85.0,0.3
2025-10-08T06:01:02.181949,57.9436622505046,85.0,0.3
2025-10-08T06:01:03.267487,57.95323535332144,85.0,0.3
2025-10-08T06:01:04.353007,57.96110739901607,85.0,0.3
2025-10-08T06:01:05.438905,57.97183211093514,85.0,0.3
2025-10-08T06:01:06.518156,57.98734048425428,85.0,0.3
2025-10-08T06:01:07.595809,58.00516543791888,85.0,0.3
2025-10-08T06:01:08.673868,58.02071003758818,85.0,0.3
2025-10-08T06:01:09.755706,58.02071003758818,85.0,0.3
2025-10-08T06:01:10.837896,58.0314738958683,85.0,0.3
2025-10-08T06:01:11.917595,58.03935201695106,85.0,0.3
2025-10-08T06:01:13.001959,58.04889253849926,85.0,0.3
2025-10-08T06:01:14.080417,58.06311519485435,85.0,0.3
2025-10-08T06:01:15.166378,58.08073498720907,85.0,0.3
2025-10-08T06:01:16.257443,58.09734360558482,85.0,0.3
2025-10-08T06:01:17.340527,58.109462408695975,85.0,0.3
2025-10-08T06:01:18.422872,58.11774067070535,85.0,0.3
2025-10-08T06:01:19.501549,58.12635864155317,85.0,0.3
2025-10-08T06:01:20.583711,58.13918424444023,85.0,0.3
2025-10-08T06:01:21.666139,58.15621692507496,85.0,0.3
2025-10-08T06:01:22.745214,58.17358816128649,85.0,0.3
2025-10-08T06:01:23.829230,58.18711816446799,85.0,0.3
2025-10-08T06:01:24.912351,58.19615875794568,85.0,0.3
2025-10-08T06:01:25.994080,58.20418930762348,85.0,0.3
2025-10-08T06:01:27.073611,58.21561780901689,85.0,0.3
2025-10-08T06:01:28.154835,58.23172819650452,85.0,0.3
2025-10-08T06:01:29.233270,58.24949989998159,85.0,0.3
2025-10-08T06:01:30.319871,58.264384943084174,85.0,0.3
2025-10-08T06:01:31.404781,58.27448933168413,85.0,0.3
2025-10-08T06:01:32.490815,58.28231438335592,85.0,0.3
2025-10-08T06:01:33.575323,58.292457027534056,85.0,0.3
